id,image_id,class_id,confidence,x1,y1,x2,y2
0,dataset_1068_annotated_coco1.0_1068_สะพานลอยใกล้ซอยจรัญสนิทวงศ_รถมาจากสะพานพระราม-7-มุ่งหน้_20260825_060110.jpg,0,0.01,0,0,1,1
1,dataset_1068_annotated_coco1.0_1068_สะพานลอยใกล้ซอยจรัญสนิทวงศ_รถมาจากสะพานพระราม-7-มุ่งหน้_20260825_063608.jpg,0,0.01,0,0,1,1
2,dataset_1068_annotated_coco1.0_1068_สะพานลอยใกล้ซอยจรัญสนิทวงศ_รถมาจากสะพานพระราม-7-มุ่งหน้_20260825_070604.jpg,0,0.01,0,0,1,1
3,dataset_1068_annotated_coco1.0_1068_สะพานลอยใกล้ซอยจรัญสนิทวงศ_รถมาจากสะพานพระราม-7-มุ่งหน้_20260825_074104.jpg,0,0.01,0,0,1,1
4,dataset_1068_annotated_coco1.0_1068_สะพานลอยใกล้ซอยจรัญสนิทวงศ_รถมาจากสะพานพระราม-7-มุ่งหน้_20260825_081104.jpg,0,0.01,0,0,1,1
5,dataset_1068_annotated_coco1.0_1068_สะพานลอยใกล้ซอยจรัญสนิทวงศ_รถมาจากสะพานพระราม-7-มุ่งหน้_20260825_084103.jpg,0,0.01,0,0,1,1
6,dataset_1068_annotated_coco1.0_1068_สะพานลอยใกล้ซอยจรัญสนิทวงศ_รถมาจากสะพานพระราม-7-มุ่งหน้_20260825_091103.jpg,0,0.01,0,0,1,1
7,dataset_1068_annotated_coco1.0_1068_สะพานลอยใกล้ซอยจรัญสนิทวงศ_รถมาจากสะพานพระราม-7-มุ่งหน้_20260825_094104.jpg,0,0.01,0,0,1,1
8,dataset_1068_annotated_coco1.0_1068_สะพานลอยใกล้ซอยจรัญสนิทวงศ_รถมาจากสะพานพระราม-7-มุ่งหน้_20260825_101104.jpg,0,0.01,0,0,1,1
9,dataset_1068_annotated_coco1.0_1068_สะพานลอยใกล้ซอยจรัญสนิทวงศ_รถมาจากสะพานพระราม-7-มุ่งหน้_20260825_104104.jpg,0,0.01,0,0,1,1
10,dataset_1068_annotated_coco1.0_1068_สะพานลอยใกล้ซอยจรัญสนิทวงศ_รถมาจากสะพานพระราม-7-มุ่งหน้_20260825_111104.jpg,0,0.01,0,0,1,1
11,dataset_1068_annotated_coco1.0_1068_สะพานลอยใกล้ซอยจรัญสนิทวงศ_รถมาจากสะพานพระราม-7-มุ่งหน้_20260825_114104.jpg,0,0.01,0,0,1,1
12,dataset_1068_annotated_coco1.0_1068_สะพานลอยใกล้ซอยจรัญสนิทวงศ_รถมาจากสะพานพระราม-7-มุ่งหน้_20260825_121104.jpg,0,0.01,0,0,1,1
13,dataset_1068_annotated_coco1.0_1068_สะพานลอยใกล้ซอยจรัญสนิทวงศ_รถมาจากสะพานพระราม-7-มุ่งหน้_20260825_124106.jpg,0,0.01,0,0,1,1
14,dataset_1068_annotated_coco1.0_1068_สะพานลอยใกล้ซอยจรัญสนิทวงศ_รถมาจากสะพานพระราม-7-มุ่งหน้_20260825_131109.jpg,0,0.01,0,0,1,1
15,dataset_1068_annotated_coco1.0_1068_สะพานลอยใกล้ซอยจรัญสนิทวงศ_รถมาจากสะพานพระราม-7-มุ่งหน้_20260825_134109.jpg,0,0.01,0,0,1,1
16,dataset_1068_annotated_coco1.0_1068_สะพานลอยใกล้ซอยจรัญสนิทวงศ_รถมาจากสะพานพระราม-7-มุ่งหน้_20260825_141105.jpg,0,0.01,0,0,1,1
17,dataset_1068_annotated_coco1.0_1068_สะพานลอยใกล้ซอยจรัญสนิทวงศ_รถมาจากสะพานพระราม-7-มุ่งหน้_20260825_144107.jpg,0,0.01,0,0,1,1
18,dataset_1068_annotated_coco1.0_1068_สะพานลอยใกล้ซอยจรัญสนิทวงศ_รถมาจากสะพานพระราม-7-มุ่งหน้_20260825_151104.jpg,0,0.01,0,0,1,1
19,dataset_1068_annotated_coco1.0_1068_สะพานลอยใกล้ซอยจรัญสนิทวงศ_รถมาจากสะพานพระราม-7-มุ่งหน้_20260825_154106.jpg,0,0.01,0,0,1,1
20,dataset_1068_annotated_coco1.0_1068_สะพานลอยใกล้ซอยจรัญสนิทวงศ_รถมาจากสะพานพระราม-7-มุ่งหน้_20260825_161107.jpg,0,0.01,0,0,1,1
21,dataset_1068_annotated_coco1.0_1068_สะพานลอยใกล้ซอยจรัญสนิทวงศ_รถมาจากสะพานพระราม-7-มุ่งหน้_20260825_164107.jpg,0,0.01,0,0,1,1
22,dataset_1068_annotated_coco1.0_1068_สะพานลอยใกล้ซอยจรัญสนิทวงศ_รถมาจากสะพานพระราม-7-มุ่งหน้_20260825_171106.jpg,0,0.01,0,0,1,1
23,dataset_1068_annotated_coco1.0_1068_สะพานลอยใกล้ซอยจรัญสนิทวงศ_รถมาจากสะพานพระราม-7-มุ่งหน้_20260825_174107.jpg,0,0.01,0,0,1,1
24,dataset_1068_annotated_coco1.0_1068_สะพานลอยใกล้ซอยจรัญสนิทวงศ_รถมาจากสะพานพระราม-7-มุ่งหน้_20260825_181106.jpg,0,0.01,0,0,1,1
25,dataset_1068_annotated_coco1.0_1068_สะพานลอยใกล้ซอยจรัญสนิทวงศ_รถมาจากสะพานพระราม-7-มุ่งหน้_20260825_184108.jpg,0,0.01,0,0,1,1
26,dataset_1068_annotated_coco1.0_1068_สะพานลอยใกล้ซอยจรัญสนิทวงศ_รถมาจากสะพานพระราม-7-มุ่งหน้_20260825_191107.jpg,0,0.01,0,0,1,1
27,dataset_1068_annotated_coco1.0_1068_สะพานลอยใกล้ซอยจรัญสนิทวงศ_รถมาจากสะพานพระราม-7-มุ่งหน้_20260825_194107.jpg,0,0.01,0,0,1,1
28,dataset_1068_annotated_coco1.0_1068_สะพานลอยใกล้ซอยจรัญสนิทวงศ_รถมาจากสะพานพระราม-7-มุ่งหน้_20260825_201107.jpg,0,0.01,0,0,1,1
29,dataset_1068_annotated_coco1.0_1068_สะพานลอยใกล้ซอยจรัญสนิทวงศ_รถมาจากสะพานพระราม-7-มุ่งหน้_20260825_204104.jpg,0,0.01,0,0,1,1
30,dataset_1068_annotated_coco1.0_1068_สะพานลอยใกล้ซอยจรัญสนิทวงศ_รถมาจากสะพานพระราม-7-มุ่งหน้_20260826_060606.jpg,0,0.01,0,0,1,1
31,dataset_1068_annotated_coco1.0_1068_สะพานลอยใกล้ซอยจรัญสนิทวงศ_รถมาจากสะพานพระราม-7-มุ่งหน้_20260826_064106.jpg,0,0.01,0,0,1,1
32,dataset_1068_annotated_coco1.0_1068_สะพานลอยใกล้ซอยจรัญสนิทวงศ_รถมาจากสะพานพระราม-7-มุ่งหน้_20260826_071113.jpg,0,0.01,0,0,1,1
33,dataset_1068_annotated_coco1.0_1068_สะพานลอยใกล้ซอยจรัญสนิทวงศ_รถมาจากสะพานพระราม-7-มุ่งหน้_20260826_081104.jpg,0,0.01,0,0,1,1
34,dataset_1068_annotated_coco1.0_1068_สะพานลอยใกล้ซอยจรัญสนิทวงศ_รถมาจากสะพานพระราม-7-มุ่งหน้_20260826_084104.jpg,0,0.01,0,0,1,1
35,dataset_1068_annotated_coco1.0_1068_สะพานลอยใกล้ซอยจรัญสนิทวงศ_รถมาจากสะพานพระราม-7-มุ่งหน้_20260826_091104.jpg,0,0.01,0,0,1,1
36,dataset_1068_annotated_coco1.0_1068_สะพานลอยใกล้ซอยจรัญสนิทวงศ_รถมาจากสะพานพระราม-7-มุ่งหน้_20260826_094109.jpg,0,0.01,0,0,1,1
37,dataset_1068_annotated_coco1.0_1068_สะพานลอยใกล้ซอยจรัญสนิทวงศ_รถมาจากสะพานพระราม-7-มุ่งหน้_20260826_101106.jpg,0,0.01,0,0,1,1
38,dataset_1068_annotated_coco1.0_1068_สะพานลอยใกล้ซอยจรัญสนิทวงศ_รถมาจากสะพานพระราม-7-มุ่งหน้_20260826_104105.jpg,0,0.01,0,0,1,1
39,dataset_1068_annotated_coco1.0_1068_สะพานลอยใกล้ซอยจรัญสนิทวงศ_รถมาจากสะพานพระราม-7-มุ่งหน้_20260826_111105.jpg,0,0.01,0,0,1,1
40,dataset_1068_annotated_coco1.0_1068_สะพานลอยใกล้ซอยจรัญสนิทวงศ_รถมาจากสะพานพระราม-7-มุ่งหน้_20260826_114104.jpg,0,0.01,0,0,1,1
41,dataset_1068_annotated_coco1.0_1068_สะพานลอยใกล้ซอยจรัญสนิทวงศ_รถมาจากสะพานพระราม-7-มุ่งหน้_20260826_121104.jpg,0,0.01,0,0,1,1
42,dataset_1068_annotated_coco1.0_1068_สะพานลอยใกล้ซอยจรัญสนิทวงศ_รถมาจากสะพานพระราม-7-มุ่งหน้_20260826_124104.jpg,0,0.01,0,0,1,1
43,dataset_1068_annotated_coco1.0_1068_สะพานลอยใกล้ซอยจรัญสนิทวงศ_รถมาจากสะพานพระราม-7-มุ่งหน้_20260826_131104.jpg,0,0.01,0,0,1,1
44,dataset_1068_annotated_coco1.0_1068_สะพานลอยใกล้ซอยจรัญสนิทวงศ_รถมาจากสะพานพระราม-7-มุ่งหน้_20260826_134104.jpg,0,0.01,0,0,1,1
45,dataset_1068_annotated_coco1.0_1068_สะพานลอยใกล้ซอยจรัญสนิทวงศ_รถมาจากสะพานพระราม-7-มุ่งหน้_20260826_141125.jpg,0,0.01,0,0,1,1
46,dataset_1068_annotated_coco1.0_1068_สะพานลอยใกล้ซอยจรัญสนิทวงศ_รถมาจากสะพานพระราม-7-มุ่งหน้_20260826_144106.jpg,0,0.01,0,0,1,1
47,dataset_1068_annotated_coco1.0_1068_สะพานลอยใกล้ซอยจรัญสนิทวงศ_รถมาจากสะพานพระราม-7-มุ่งหน้_20260826_151108.jpg,0,0.01,0,0,1,1
48,dataset_1068_annotated_coco1.0_1068_สะพานลอยใกล้ซอยจรัญสนิทวงศ_รถมาจากสะพานพระราม-7-มุ่งหน้_20260826_154107.jpg,0,0.01,0,0,1,1
49,dataset_1068_annotated_coco1.0_1068_สะพานลอยใกล้ซอยจรัญสนิทวงศ_รถมาจากสะพานพระราม-7-มุ่งหน้_20260826_161105.jpg,0,0.01,0,0,1,1
50,dataset_1068_annotated_coco1.0_1068_สะพานลอยใกล้ซอยจรัญสนิทวงศ_รถมาจากสะพานพระราม-7-มุ่งหน้_20260826_164105.jpg,0,0.01,0,0,1,1
51,dataset_1068_annotated_coco1.0_1068_สะพานลอยใกล้ซอยจรัญสนิทวงศ_รถมาจากสะพานพระราม-7-มุ่งหน้_20260826_171105.jpg,0,0.01,0,0,1,1
52,dataset_1068_annotated_coco1.0_1068_สะพานลอยใกล้ซอยจรัญสนิทวงศ_รถมาจากสะพานพระราม-7-มุ่งหน้_20260826_174105.jpg,0,0.01,0,0,1,1
53,dataset_1068_annotated_coco1.0_1068_สะพานลอยใกล้ซอยจรัญสนิทวงศ_รถมาจากสะพานพระราม-7-มุ่งหน้_20260826_181105.jpg,0,0.01,0,0,1,1
54,dataset_1068_annotated_coco1.0_1068_สะพานลอยใกล้ซอยจรัญสนิทวงศ_รถมาจากสะพานพระราม-7-มุ่งหน้_20260826_184105.jpg,0,0.01,0,0,1,1
55,dataset_1068_annotated_coco1.0_1068_สะพานลอยใกล้ซอยจรัญสนิทวงศ_รถมาจากสะพานพระราม-7-มุ่งหน้_20260826_191105.jpg,0,0.01,0,0,1,1
56,dataset_1068_annotated_coco1.0_1068_สะพานลอยใกล้ซอยจรัญสนิทวงศ_รถมาจากสะพานพระราม-7-มุ่งหน้_20260826_194105.jpg,0,0.01,0,0,1,1
57,dataset_1068_annotated_coco1.0_1068_สะพานลอยใกล้ซอยจรัญสนิทวงศ_รถมาจากสะพานพระราม-7-มุ่งหน้_20260826_201105.jpg,0,0.01,0,0,1,1
58,dataset_1068_annotated_coco1.0_1068_สะพานลอยใกล้ซอยจรัญสนิทวงศ_รถมาจากสะพานพระราม-7-มุ่งหน้_20260826_204605.jpg,0,0.01,0,0,1,1
59,dataset_1068_annotated_coco1.0_1068_สะพานลอยใกล้ซอยจรัญสนิทวงศ_รถมาจากสะพานพระราม-7-มุ่งหน้_20260827_091105.jpg,0,0.01,0,0,1,1
60,dataset_1068_annotated_coco1.0_1068_สะพานลอยใกล้ซอยจรัญสนิทวงศ_รถมาจากสะพานพระราม-7-มุ่งหน้_20260827_094104.jpg,0,0.01,0,0,1,1
61,dataset_1068_annotated_coco1.0_1068_สะพานลอยใกล้ซอยจรัญสนิทวงศ_รถมาจากสะพานพระราม-7-มุ่งหน้_20260827_101104.jpg,0,0.01,0,0,1,1
62,dataset_1068_annotated_coco1.0_1068_สะพานลอยใกล้ซอยจรัญสนิทวงศ_รถมาจากสะพานพระราม-7-มุ่งหน้_20260827_104104.jpg,0,0.01,0,0,1,1
63,dataset_1068_annotated_coco1.0_1068_สะพานลอยใกล้ซอยจรัญสนิทวงศ_รถมาจากสะพานพระราม-7-มุ่งหน้_20260827_111105.jpg,0,0.01,0,0,1,1
64,dataset_1068_annotated_coco1.0_1068_สะพานลอยใกล้ซอยจรัญสนิทวงศ_รถมาจากสะพานพระราม-7-มุ่งหน้_20260827_114104.jpg,0,0.01,0,0,1,1
65,dataset_1068_annotated_coco1.0_1068_สะพานลอยใกล้ซอยจรัญสนิทวงศ_รถมาจากสะพานพระราม-7-มุ่งหน้_20260827_121104.jpg,0,0.01,0,0,1,1
66,dataset_1068_annotated_coco1.0_1068_สะพานลอยใกล้ซอยจรัญสนิทวงศ_รถมาจากสะพานพระราม-7-มุ่งหน้_20260827_124304.jpg,0,0.01,0,0,1,1
67,dataset_1068_annotated_coco1.0_1068_สะพานลอยใกล้ซอยจรัญสนิทวงศ_รถมาจากสะพานพระราม-7-มุ่งหน้_20260827_131104.jpg,0,0.01,0,0,1,1
68,dataset_1068_annotated_coco1.0_1068_สะพานลอยใกล้ซอยจรัญสนิทวงศ_รถมาจากสะพานพระราม-7-มุ่งหน้_20260827_134104.jpg,0,0.01,0,0,1,1
69,dataset_1068_annotated_coco1.0_1068_สะพานลอยใกล้ซอยจรัญสนิทวงศ_รถมาจากสะพานพระราม-7-มุ่งหน้_20260827_141104.jpg,0,0.01,0,0,1,1
70,dataset_1068_annotated_coco1.0_1068_สะพานลอยใกล้ซอยจรัญสนิทวงศ_รถมาจากสะพานพระราม-7-มุ่งหน้_20260827_144104.jpg,0,0.01,0,0,1,1
71,dataset_1068_annotated_coco1.0_1068_สะพานลอยใกล้ซอยจรัญสนิทวงศ_รถมาจากสะพานพระราม-7-มุ่งหน้_20260827_151104.jpg,0,0.01,0,0,1,1
72,dataset_1068_annotated_coco1.0_1068_สะพานลอยใกล้ซอยจรัญสนิทวงศ_รถมาจากสะพานพระราม-7-มุ่งหน้_20260827_154104.jpg,0,0.01,0,0,1,1
73,dataset_1068_annotated_coco1.0_1068_สะพานลอยใกล้ซอยจรัญสนิทวงศ_รถมาจากสะพานพระราม-7-มุ่งหน้_20260827_161104.jpg,0,0.01,0,0,1,1
74,dataset_1068_annotated_coco1.0_1068_สะพานลอยใกล้ซอยจรัญสนิทวงศ_รถมาจากสะพานพระราม-7-มุ่งหน้_20260827_164104.jpg,0,0.01,0,0,1,1
75,dataset_1068_annotated_coco1.0_1068_สะพานลอยใกล้ซอยจรัญสนิทวงศ_รถมาจากสะพานพระราม-7-มุ่งหน้_20260827_171105.jpg,0,0.01,0,0,1,1
76,dataset_1068_annotated_coco1.0_1068_สะพานลอยใกล้ซอยจรัญสนิทวงศ_รถมาจากสะพานพระราม-7-มุ่งหน้_20260827_174105.jpg,0,0.01,0,0,1,1
77,dataset_1068_annotated_coco1.0_1068_สะพานลอยใกล้ซอยจรัญสนิทวงศ_รถมาจากสะพานพระราม-7-มุ่งหน้_20260827_181104.jpg,0,0.01,0,0,1,1
78,dataset_1068_annotated_coco1.0_1068_สะพานลอยใกล้ซอยจรัญสนิทวงศ_รถมาจากสะพานพระราม-7-มุ่งหน้_20260827_184104.jpg,0,0.01,0,0,1,1
79,dataset_1068_annotated_coco1.0_1068_สะพานลอยใกล้ซอยจรัญสนิทวงศ_รถมาจากสะพานพระราม-7-มุ่งหน้_20260827_191105.jpg,0,0.01,0,0,1,1
80,dataset_1068_annotated_coco1.0_1068_สะพานลอยใกล้ซอยจรัญสนิทวงศ_รถมาจากสะพานพระราม-7-มุ่งหน้_20260827_194106.jpg,0,0.01,0,0,1,1
81,dataset_1068_annotated_coco1.0_1068_สะพานลอยใกล้ซอยจรัญสนิทวงศ_รถมาจากสะพานพระราม-7-มุ่งหน้_20260827_201105.jpg,0,0.01,0,0,1,1
82,dataset_1068_annotated_coco1.0_1068_สะพานลอยใกล้ซอยจรัญสนิทวงศ_รถมาจากสะพานพระราม-7-มุ่งหน้_20260827_204105.jpg,0,0.01,0,0,1,1
83,dataset_1068_annotated_coco1.0_1068_สะพานลอยใกล้ซอยจรัญสนิทวงศ_รถมาจากสะพานพระราม-7-มุ่งหน้_20260828_060603.jpg,0,0.01,0,0,1,1
84,dataset_1068_annotated_coco1.0_1068_สะพานลอยใกล้ซอยจรัญสนิทวงศ_รถมาจากสะพานพระราม-7-มุ่งหน้_20260828_063603.jpg,0,0.01,0,0,1,1
85,dataset_1068_annotated_coco1.0_1068_สะพานลอยใกล้ซอยจรัญสนิทวงศ_รถมาจากสะพานพระราม-7-มุ่งหน้_20260828_070604.jpg,0,0.01,0,0,1,1
86,dataset_1068_annotated_coco1.0_1068_สะพานลอยใกล้ซอยจรัญสนิทวงศ_รถมาจากสะพานพระราม-7-มุ่งหน้_20260828_073604.jpg,0,0.01,0,0,1,1
87,dataset_1068_annotated_coco1.0_1068_สะพานลอยใกล้ซอยจรัญสนิทวงศ_รถมาจากสะพานพระราม-7-มุ่งหน้_20260828_080604.jpg,0,0.01,0,0,1,1
88,dataset_1068_annotated_coco1.0_1068_สะพานลอยใกล้ซอยจรัญสนิทวงศ_รถมาจากสะพานพระราม-7-มุ่งหน้_20260828_083603.jpg,0,0.01,0,0,1,1
89,dataset_1068_annotated_coco1.0_1068_สะพานลอยใกล้ซอยจรัญสนิทวงศ_รถมาจากสะพานพระราม-7-มุ่งหน้_20260828_090608.jpg,0,0.01,0,0,1,1
90,dataset_1068_annotated_coco1.0_1068_สะพานลอยใกล้ซอยจรัญสนิทวงศ_รถมาจากสะพานพระราม-7-มุ่งหน้_20260828_093609.jpg,0,0.01,0,0,1,1
91,dataset_1068_annotated_coco1.0_1068_สะพานลอยใกล้ซอยจรัญสนิทวงศ_รถมาจากสะพานพระราม-7-มุ่งหน้_20260828_100608.jpg,0,0.01,0,0,1,1
92,dataset_1068_annotated_coco1.0_1068_สะพานลอยใกล้ซอยจรัญสนิทวงศ_รถมาจากสะพานพระราม-7-มุ่งหน้_20260828_103606.jpg,0,0.01,0,0,1,1
93,dataset_1068_annotated_coco1.0_1068_สะพานลอยใกล้ซอยจรัญสนิทวงศ_รถมาจากสะพานพระราม-7-มุ่งหน้_20260828_110616.jpg,0,0.01,0,0,1,1
94,dataset_1068_annotated_coco1.0_1068_สะพานลอยใกล้ซอยจรัญสนิทวงศ_รถมาจากสะพานพระราม-7-มุ่งหน้_20260828_113606.jpg,0,0.01,0,0,1,1
95,dataset_1068_annotated_coco1.0_1068_สะพานลอยใกล้ซอยจรัญสนิทวงศ_รถมาจากสะพานพระราม-7-มุ่งหน้_20260828_120711.jpg,0,0.01,0,0,1,1
96,dataset_1068_annotated_coco1.0_1068_สะพานลอยใกล้ซอยจรัญสนิทวงศ_รถมาจากสะพานพระราม-7-มุ่งหน้_20260828_123612.jpg,0,0.01,0,0,1,1
97,dataset_1068_annotated_coco1.0_1068_สะพานลอยใกล้ซอยจรัญสนิทวงศ_รถมาจากสะพานพระราม-7-มุ่งหน้_20260828_130702.jpg,0,0.01,0,0,1,1
98,dataset_1068_annotated_coco1.0_1068_สะพานลอยใกล้ซอยจรัญสนิทวงศ_รถมาจากสะพานพระราม-7-มุ่งหน้_20260828_133604.jpg,0,0.01,0,0,1,1
99,dataset_1068_annotated_coco1.0_1068_สะพานลอยใกล้ซอยจรัญสนิทวงศ_รถมาจากสะพานพระราม-7-มุ่งหน้_20260828_140606.jpg,0,0.01,0,0,1,1
100,dataset_1068_annotated_coco1.0_1068_สะพานลอยใกล้ซอยจรัญสนิทวงศ_รถมาจากสะพานพระราม-7-มุ่งหน้_20260828_143606.jpg,0,0.01,0,0,1,1
101,dataset_1068_annotated_coco1.0_1068_สะพานลอยใกล้ซอยจรัญสนิทวงศ_รถมาจากสะพานพระราม-7-มุ่งหน้_20260828_150606.jpg,0,0.01,0,0,1,1
102,dataset_1068_annotated_coco1.0_1068_สะพานลอยใกล้ซอยจรัญสนิทวงศ_รถมาจากสะพานพระราม-7-มุ่งหน้_20260828_153606.jpg,0,0.01,0,0,1,1
103,dataset_1068_annotated_coco1.0_1068_สะพานลอยใกล้ซอยจรัญสนิทวงศ_รถมาจากสะพานพระราม-7-มุ่งหน้_20260828_160604.jpg,0,0.01,0,0,1,1
104,dataset_1068_annotated_coco1.0_1068_สะพานลอยใกล้ซอยจรัญสนิทวงศ_รถมาจากสะพานพระราม-7-มุ่งหน้_20260828_163605.jpg,0,0.01,0,0,1,1
105,dataset_1068_annotated_coco1.0_1068_สะพานลอยใกล้ซอยจรัญสนิทวงศ_รถมาจากสะพานพระราม-7-มุ่งหน้_20260828_170605.jpg,0,0.01,0,0,1,1
106,dataset_1068_annotated_coco1.0_1068_สะพานลอยใกล้ซอยจรัญสนิทวงศ_รถมาจากสะพานพระราม-7-มุ่งหน้_20260828_173605.jpg,0,0.01,0,0,1,1
107,dataset_1068_annotated_coco1.0_1068_สะพานลอยใกล้ซอยจรัญสนิทวงศ_รถมาจากสะพานพระราม-7-มุ่งหน้_20260828_180628.jpg,0,0.01,0,0,1,1
108,dataset_1068_annotated_coco1.0_1068_สะพานลอยใกล้ซอยจรัญสนิทวงศ_รถมาจากสะพานพระราม-7-มุ่งหน้_20260828_183604.jpg,0,0.01,0,0,1,1
109,dataset_1068_annotated_coco1.0_1068_สะพานลอยใกล้ซอยจรัญสนิทวงศ_รถมาจากสะพานพระราม-7-มุ่งหน้_20260828_190604.jpg,0,0.01,0,0,1,1
110,dataset_1068_annotated_coco1.0_1068_สะพานลอยใกล้ซอยจรัญสนิทวงศ_รถมาจากสะพานพระราม-7-มุ่งหน้_20260828_193604.jpg,0,0.01,0,0,1,1
111,dataset_1068_annotated_coco1.0_1068_สะพานลอยใกล้ซอยจรัญสนิทวงศ_รถมาจากสะพานพระราม-7-มุ่งหน้_20260828_200606.jpg,0,0.01,0,0,1,1
112,dataset_1068_annotated_coco1.0_1068_สะพานลอยใกล้ซอยจรัญสนิทวงศ_รถมาจากสะพานพระราม-7-มุ่งหน้_20260828_203605.jpg,0,0.01,0,0,1,1
113,dataset_1068_annotated_coco1.0_1068_สะพานลอยใกล้ซอยจรัญสนิทวงศ_รถมาจากสะพานพระราม-7-มุ่งหน้_20260829_060610.jpg,0,0.01,0,0,1,1
114,dataset_1068_annotated_coco1.0_1068_สะพานลอยใกล้ซอยจรัญสนิทวงศ_รถมาจากสะพานพระราม-7-มุ่งหน้_20260829_063603.jpg,0,0.01,0,0,1,1
115,dataset_1068_annotated_coco1.0_1068_สะพานลอยใกล้ซอยจรัญสนิทวงศ_รถมาจากสะพานพระราม-7-มุ่งหน้_20260829_070603.jpg,0,0.01,0,0,1,1
116,dataset_1068_annotated_coco1.0_1068_สะพานลอยใกล้ซอยจรัญสนิทวงศ_รถมาจากสะพานพระราม-7-มุ่งหน้_20260829_073603.jpg,0,0.01,0,0,1,1
117,dataset_1068_annotated_coco1.0_1068_สะพานลอยใกล้ซอยจรัญสนิทวงศ_รถมาจากสะพานพระราม-7-มุ่งหน้_20260829_081104.jpg,0,0.01,0,0,1,1
118,dataset_1068_annotated_coco1.0_1068_สะพานลอยใกล้ซอยจรัญสนิทวงศ_รถมาจากสะพานพระราม-7-มุ่งหน้_20260829_084103.jpg,0,0.01,0,0,1,1
119,dataset_1068_annotated_coco1.0_1068_สะพานลอยใกล้ซอยจรัญสนิทวงศ_รถมาจากสะพานพระราม-7-มุ่งหน้_20260829_091103.jpg,0,0.01,0,0,1,1
120,dataset_1068_annotated_coco1.0_1068_สะพานลอยใกล้ซอยจรัญสนิทวงศ_รถมาจากสะพานพระราม-7-มุ่งหน้_20260829_094104.jpg,0,0.01,0,0,1,1
121,dataset_1068_annotated_coco1.0_1068_สะพานลอยใกล้ซอยจรัญสนิทวงศ_รถมาจากสะพานพระราม-7-มุ่งหน้_20260829_101103.jpg,0,0.01,0,0,1,1
122,dataset_1068_annotated_coco1.0_1068_สะพานลอยใกล้ซอยจรัญสนิทวงศ_รถมาจากสะพานพระราม-7-มุ่งหน้_20260829_104103.jpg,0,0.01,0,0,1,1
123,dataset_1068_annotated_coco1.0_1068_สะพานลอยใกล้ซอยจรัญสนิทวงศ_รถมาจากสะพานพระราม-7-มุ่งหน้_20260829_111103.jpg,0,0.01,0,0,1,1
124,dataset_1068_annotated_coco1.0_1068_สะพานลอยใกล้ซอยจรัญสนิทวงศ_รถมาจากสะพานพระราม-7-มุ่งหน้_20260829_114104.jpg,0,0.01,0,0,1,1
125,dataset_1068_annotated_coco1.0_1068_สะพานลอยใกล้ซอยจรัญสนิทวงศ_รถมาจากสะพานพระราม-7-มุ่งหน้_20260829_121104.jpg,0,0.01,0,0,1,1
126,dataset_1068_annotated_coco1.0_1068_สะพานลอยใกล้ซอยจรัญสนิทวงศ_รถมาจากสะพานพระราม-7-มุ่งหน้_20260829_124104.jpg,0,0.01,0,0,1,1
127,dataset_1068_annotated_coco1.0_1068_สะพานลอยใกล้ซอยจรัญสนิทวงศ_รถมาจากสะพานพระราม-7-มุ่งหน้_20260829_131104.jpg,0,0.01,0,0,1,1
128,dataset_1068_annotated_coco1.0_1068_สะพานลอยใกล้ซอยจรัญสนิทวงศ_รถมาจากสะพานพระราม-7-มุ่งหน้_20260829_134104.jpg,0,0.01,0,0,1,1
129,dataset_1068_annotated_coco1.0_1068_สะพานลอยใกล้ซอยจรัญสนิทวงศ_รถมาจากสะพานพระราม-7-มุ่งหน้_20260829_141104.jpg,0,0.01,0,0,1,1
130,dataset_1068_annotated_coco1.0_1068_สะพานลอยใกล้ซอยจรัญสนิทวงศ_รถมาจากสะพานพระราม-7-มุ่งหน้_20260829_144105.jpg,0,0.01,0,0,1,1
131,dataset_1068_annotated_coco1.0_1068_สะพานลอยใกล้ซอยจรัญสนิทวงศ_รถมาจากสะพานพระราม-7-มุ่งหน้_20260829_151105.jpg,0,0.01,0,0,1,1
132,dataset_1068_annotated_coco1.0_1068_สะพานลอยใกล้ซอยจรัญสนิทวงศ_รถมาจากสะพานพระราม-7-มุ่งหน้_20260829_154105.jpg,0,0.01,0,0,1,1
133,dataset_1068_annotated_coco1.0_1068_สะพานลอยใกล้ซอยจรัญสนิทวงศ_รถมาจากสะพานพระราม-7-มุ่งหน้_20260829_161105.jpg,0,0.01,0,0,1,1
134,dataset_1068_annotated_coco1.0_1068_สะพานลอยใกล้ซอยจรัญสนิทวงศ_รถมาจากสะพานพระราม-7-มุ่งหน้_20260829_164106.jpg,0,0.01,0,0,1,1
135,dataset_1068_annotated_coco1.0_1068_สะพานลอยใกล้ซอยจรัญสนิทวงศ_รถมาจากสะพานพระราม-7-มุ่งหน้_20260829_171105.jpg,0,0.01,0,0,1,1
136,dataset_1068_annotated_coco1.0_1068_สะพานลอยใกล้ซอยจรัญสนิทวงศ_รถมาจากสะพานพระราม-7-มุ่งหน้_20260829_174105.jpg,0,0.01,0,0,1,1
137,dataset_1068_annotated_coco1.0_1068_สะพานลอยใกล้ซอยจรัญสนิทวงศ_รถมาจากสะพานพระราม-7-มุ่งหน้_20260829_181104.jpg,0,0.01,0,0,1,1
138,dataset_1068_annotated_coco1.0_1068_สะพานลอยใกล้ซอยจรัญสนิทวงศ_รถมาจากสะพานพระราม-7-มุ่งหน้_20260829_184104.jpg,0,0.01,0,0,1,1
139,dataset_1068_annotated_coco1.0_1068_สะพานลอยใกล้ซอยจรัญสนิทวงศ_รถมาจากสะพานพระราม-7-มุ่งหน้_20260829_191104.jpg,0,0.01,0,0,1,1
140,dataset_1068_annotated_coco1.0_1068_สะพานลอยใกล้ซอยจรัญสนิทวงศ_รถมาจากสะพานพระราม-7-มุ่งหน้_20260829_194106.jpg,0,0.01,0,0,1,1
141,dataset_1068_annotated_coco1.0_1068_สะพานลอยใกล้ซอยจรัญสนิทวงศ_รถมาจากสะพานพระราม-7-มุ่งหน้_20260829_201106.jpg,0,0.01,0,0,1,1
142,dataset_1068_annotated_coco1.0_1068_สะพานลอยใกล้ซอยจรัญสนิทวงศ_รถมาจากสะพานพระราม-7-มุ่งหน้_20260829_204106.jpg,0,0.01,0,0,1,1
143,dataset_1068_annotated_coco1.0_1068_สะพานลอยใกล้ซอยจรัญสนิทวงศ_รถมาจากสะพานพระราม-7-มุ่งหน้_20260830_060603.jpg,0,0.01,0,0,1,1
144,dataset_1068_annotated_coco1.0_1068_สะพานลอยใกล้ซอยจรัญสนิทวงศ_รถมาจากสะพานพระราม-7-มุ่งหน้_20260830_063603.jpg,0,0.01,0,0,1,1
145,dataset_1068_annotated_coco1.0_1068_สะพานลอยใกล้ซอยจรัญสนิทวงศ_รถมาจากสะพานพระราม-7-มุ่งหน้_20260830_070604.jpg,0,0.01,0,0,1,1
146,dataset_1068_annotated_coco1.0_1068_สะพานลอยใกล้ซอยจรัญสนิทวงศ_รถมาจากสะพานพระราม-7-มุ่งหน้_20260830_073604.jpg,0,0.01,0,0,1,1
147,dataset_1068_annotated_coco1.0_1068_สะพานลอยใกล้ซอยจรัญสนิทวงศ_รถมาจากสะพานพระราม-7-มุ่งหน้_20260830_080604.jpg,0,0.01,0,0,1,1
148,dataset_1068_annotated_coco1.0_1068_สะพานลอยใกล้ซอยจรัญสนิทวงศ_รถมาจากสะพานพระราม-7-มุ่งหน้_20260830_083603.jpg,0,0.01,0,0,1,1
149,dataset_1068_annotated_coco1.0_1068_สะพานลอยใกล้ซอยจรัญสนิทวงศ_รถมาจากสะพานพระราม-7-มุ่งหน้_20260830_090604.jpg,0,0.01,0,0,1,1
150,dataset_1068_annotated_coco1.0_1068_สะพานลอยใกล้ซอยจรัญสนิทวงศ_รถมาจากสะพานพระราม-7-มุ่งหน้_20260830_093604.jpg,0,0.01,0,0,1,1
151,dataset_1068_annotated_coco1.0_1068_สะพานลอยใกล้ซอยจรัญสนิทวงศ_รถมาจากสะพานพระราม-7-มุ่งหน้_20260830_100604.jpg,0,0.01,0,0,1,1
152,dataset_1068_annotated_coco1.0_1068_สะพานลอยใกล้ซอยจรัญสนิทวงศ_รถมาจากสะพานพระราม-7-มุ่งหน้_20260830_103606.jpg,0,0.01,0,0,1,1
153,dataset_1068_annotated_coco1.0_1068_สะพานลอยใกล้ซอยจรัญสนิทวงศ_รถมาจากสะพานพระราม-7-มุ่งหน้_20260830_110606.jpg,0,0.01,0,0,1,1
154,dataset_1068_annotated_coco1.0_1068_สะพานลอยใกล้ซอยจรัญสนิทวงศ_รถมาจากสะพานพระราม-7-มุ่งหน้_20260830_113606.jpg,0,0.01,0,0,1,1
155,dataset_1068_annotated_coco1.0_1068_สะพานลอยใกล้ซอยจรัญสนิทวงศ_รถมาจากสะพานพระราม-7-มุ่งหน้_20260830_120606.jpg,0,0.01,0,0,1,1
156,dataset_1068_annotated_coco1.0_1068_สะพานลอยใกล้ซอยจรัญสนิทวงศ_รถมาจากสะพานพระราม-7-มุ่งหน้_20260830_123639.jpg,0,0.01,0,0,1,1
157,dataset_1068_annotated_coco1.0_1068_สะพานลอยใกล้ซอยจรัญสนิทวงศ_รถมาจากสะพานพระราม-7-มุ่งหน้_20260830_130604.jpg,0,0.01,0,0,1,1
158,dataset_1068_annotated_coco1.0_1068_สะพานลอยใกล้ซอยจรัญสนิทวงศ_รถมาจากสะพานพระราม-7-มุ่งหน้_20260830_133605.jpg,0,0.01,0,0,1,1
159,dataset_1068_annotated_coco1.0_1068_สะพานลอยใกล้ซอยจรัญสนิทวงศ_รถมาจากสะพานพระราม-7-มุ่งหน้_20260830_140605.jpg,0,0.01,0,0,1,1
160,dataset_1068_annotated_coco1.0_1068_สะพานลอยใกล้ซอยจรัญสนิทวงศ_รถมาจากสะพานพระราม-7-มุ่งหน้_20260830_143604.jpg,0,0.01,0,0,1,1
161,dataset_1068_annotated_coco1.0_1068_สะพานลอยใกล้ซอยจรัญสนิทวงศ_รถมาจากสะพานพระราม-7-มุ่งหน้_20260830_150604.jpg,0,0.01,0,0,1,1
162,dataset_1068_annotated_coco1.0_1068_สะพานลอยใกล้ซอยจรัญสนิทวงศ_รถมาจากสะพานพระราม-7-มุ่งหน้_20260830_153609.jpg,0,0.01,0,0,1,1
163,dataset_1068_annotated_coco1.0_1068_สะพานลอยใกล้ซอยจรัญสนิทวงศ_รถมาจากสะพานพระราม-7-มุ่งหน้_20260830_160613.jpg,0,0.01,0,0,1,1
164,dataset_1068_annotated_coco1.0_1068_สะพานลอยใกล้ซอยจรัญสนิทวงศ_รถมาจากสะพานพระราม-7-มุ่งหน้_20260830_163617.jpg,0,0.01,0,0,1,1
165,dataset_1068_annotated_coco1.0_1068_สะพานลอยใกล้ซอยจรัญสนิทวงศ_รถมาจากสะพานพระราม-7-มุ่งหน้_20260830_170605.jpg,0,0.01,0,0,1,1
166,dataset_1068_annotated_coco1.0_1068_สะพานลอยใกล้ซอยจรัญสนิทวงศ_รถมาจากสะพานพระราม-7-มุ่งหน้_20260830_173604.jpg,0,0.01,0,0,1,1
167,dataset_1068_annotated_coco1.0_1068_สะพานลอยใกล้ซอยจรัญสนิทวงศ_รถมาจากสะพานพระราม-7-มุ่งหน้_20260830_180604.jpg,0,0.01,0,0,1,1
168,dataset_1068_annotated_coco1.0_1068_สะพานลอยใกล้ซอยจรัญสนิทวงศ_รถมาจากสะพานพระราม-7-มุ่งหน้_20260830_183605.jpg,0,0.01,0,0,1,1
169,dataset_1068_annotated_coco1.0_1068_สะพานลอยใกล้ซอยจรัญสนิทวงศ_รถมาจากสะพานพระราม-7-มุ่งหน้_20260830_190604.jpg,0,0.01,0,0,1,1
170,dataset_1068_annotated_coco1.0_1068_สะพานลอยใกล้ซอยจรัญสนิทวงศ_รถมาจากสะพานพระราม-7-มุ่งหน้_20260830_193604.jpg,0,0.01,0,0,1,1
171,dataset_1068_annotated_coco1.0_1068_สะพานลอยใกล้ซอยจรัญสนิทวงศ_รถมาจากสะพานพระราม-7-มุ่งหน้_20260830_200606.jpg,0,0.01,0,0,1,1
172,dataset_1068_annotated_coco1.0_1068_สะพานลอยใกล้ซอยจรัญสนิทวงศ_รถมาจากสะพานพระราม-7-มุ่งหน้_20260830_203604.jpg,0,0.01,0,0,1,1
173,dataset_1068_annotated_coco1.0_1068_สะพานลอยใกล้ซอยจรัญสนิทวงศ_รถมาจากสะพานพระราม-7-มุ่งหน้_20260831_060112.jpg,0,0.01,0,0,1,1
174,dataset_1068_annotated_coco1.0_1068_สะพานลอยใกล้ซอยจรัญสนิทวงศ_รถมาจากสะพานพระราม-7-มุ่งหน้_20260831_063107.jpg,0,0.01,0,0,1,1
175,dataset_1068_annotated_coco1.0_1068_สะพานลอยใกล้ซอยจรัญสนิทวงศ_รถมาจากสะพานพระราม-7-มุ่งหน้_20260831_070108.jpg,0,0.01,0,0,1,1
176,dataset_1068_annotated_coco1.0_1068_สะพานลอยใกล้ซอยจรัญสนิทวงศ_รถมาจากสะพานพระราม-7-มุ่งหน้_20260831_073105.jpg,0,0.01,0,0,1,1
177,dataset_1068_annotated_coco1.0_1068_สะพานลอยใกล้ซอยจรัญสนิทวงศ_รถมาจากสะพานพระราม-7-มุ่งหน้_20260831_080106.jpg,0,0.01,0,0,1,1
178,dataset_1068_annotated_coco1.0_1068_สะพานลอยใกล้ซอยจรัญสนิทวงศ_รถมาจากสะพานพระราม-7-มุ่งหน้_20260831_083105.jpg,0,0.01,0,0,1,1
179,dataset_1068_annotated_coco1.0_1068_สะพานลอยใกล้ซอยจรัญสนิทวงศ_รถมาจากสะพานพระราม-7-มุ่งหน้_20260831_090105.jpg,0,0.01,0,0,1,1
180,dataset_1068_annotated_coco1.0_1068_สะพานลอยใกล้ซอยจรัญสนิทวงศ_รถมาจากสะพานพระราม-7-มุ่งหน้_20260831_093106.jpg,0,0.01,0,0,1,1
181,dataset_1068_annotated_coco1.0_1068_สะพานลอยใกล้ซอยจรัญสนิทวงศ_รถมาจากสะพานพระราม-7-มุ่งหน้_20260831_100105.jpg,0,0.01,0,0,1,1
182,dataset_1068_annotated_coco1.0_1068_สะพานลอยใกล้ซอยจรัญสนิทวงศ_รถมาจากสะพานพระราม-7-มุ่งหน้_20260831_103104.jpg,0,0.01,0,0,1,1
183,dataset_1068_annotated_coco1.0_1068_สะพานลอยใกล้ซอยจรัญสนิทวงศ_รถมาจากสะพานพระราม-7-มุ่งหน้_20260831_110104.jpg,0,0.01,0,0,1,1
184,dataset_1068_annotated_coco1.0_1068_สะพานลอยใกล้ซอยจรัญสนิทวงศ_รถมาจากสะพานพระราม-7-มุ่งหน้_20260831_113104.jpg,0,0.01,0,0,1,1
185,dataset_1068_annotated_coco1.0_1068_สะพานลอยใกล้ซอยจรัญสนิทวงศ_รถมาจากสะพานพระราม-7-มุ่งหน้_20260831_120104.jpg,0,0.01,0,0,1,1
186,dataset_1068_annotated_coco1.0_1068_สะพานลอยใกล้ซอยจรัญสนิทวงศ_รถมาจากสะพานพระราม-7-มุ่งหน้_20260831_123104.jpg,0,0.01,0,0,1,1
187,dataset_1068_annotated_coco1.0_1068_สะพานลอยใกล้ซอยจรัญสนิทวงศ_รถมาจากสะพานพระราม-7-มุ่งหน้_20260831_130104.jpg,0,0.01,0,0,1,1
188,dataset_1068_annotated_coco1.0_1068_สะพานลอยใกล้ซอยจรัญสนิทวงศ_รถมาจากสะพานพระราม-7-มุ่งหน้_20260831_133104.jpg,0,0.01,0,0,1,1
189,dataset_1068_annotated_coco1.0_1068_สะพานลอยใกล้ซอยจรัญสนิทวงศ_รถมาจากสะพานพระราม-7-มุ่งหน้_20260831_140104.jpg,0,0.01,0,0,1,1
190,dataset_1068_annotated_coco1.0_1068_สะพานลอยใกล้ซอยจรัญสนิทวงศ_รถมาจากสะพานพระราม-7-มุ่งหน้_20260831_143104.jpg,0,0.01,0,0,1,1
191,dataset_1068_annotated_coco1.0_1068_สะพานลอยใกล้ซอยจรัญสนิทวงศ_รถมาจากสะพานพระราม-7-มุ่งหน้_20260831_150104.jpg,0,0.01,0,0,1,1
192,dataset_1068_annotated_coco1.0_1068_สะพานลอยใกล้ซอยจรัญสนิทวงศ_รถมาจากสะพานพระราม-7-มุ่งหน้_20260831_153145.jpg,0,0.01,0,0,1,1
193,dataset_1068_annotated_coco1.0_1068_สะพานลอยใกล้ซอยจรัญสนิทวงศ_รถมาจากสะพานพระราม-7-มุ่งหน้_20260831_160105.jpg,0,0.01,0,0,1,1
194,dataset_1068_annotated_coco1.0_1068_สะพานลอยใกล้ซอยจรัญสนิทวงศ_รถมาจากสะพานพระราม-7-มุ่งหน้_20260831_163105.jpg,0,0.01,0,0,1,1
195,dataset_1068_annotated_coco1.0_1068_สะพานลอยใกล้ซอยจรัญสนิทวงศ_รถมาจากสะพานพระราม-7-มุ่งหน้_20260831_170105.jpg,0,0.01,0,0,1,1
196,dataset_1068_annotated_coco1.0_1068_สะพานลอยใกล้ซอยจรัญสนิทวงศ_รถมาจากสะพานพระราม-7-มุ่งหน้_20260831_173104.jpg,0,0.01,0,0,1,1
197,dataset_1068_annotated_coco1.0_1068_สะพานลอยใกล้ซอยจรัญสนิทวงศ_รถมาจากสะพานพระราม-7-มุ่งหน้_20260831_180105.jpg,0,0.01,0,0,1,1
198,dataset_1068_annotated_coco1.0_1068_สะพานลอยใกล้ซอยจรัญสนิทวงศ_รถมาจากสะพานพระราม-7-มุ่งหน้_20260831_183105.jpg,0,0.01,0,0,1,1
199,dataset_1068_annotated_coco1.0_1068_สะพานลอยใกล้ซอยจรัญสนิทวงศ_รถมาจากสะพานพระราม-7-มุ่งหน้_20260831_190105.jpg,0,0.01,0,0,1,1
200,dataset_1068_annotated_coco1.0_1068_สะพานลอยใกล้ซอยจรัญสนิทวงศ_รถมาจากสะพานพระราม-7-มุ่งหน้_20260831_193105.jpg,0,0.01,0,0,1,1
201,dataset_1068_annotated_coco1.0_1068_สะพานลอยใกล้ซอยจรัญสนิทวงศ_รถมาจากสะพานพระราม-7-มุ่งหน้_20260831_200105.jpg,0,0.01,0,0,1,1
202,dataset_1068_annotated_coco1.0_1068_สะพานลอยใกล้ซอยจรัญสนิทวงศ_รถมาจากสะพานพระราม-7-มุ่งหน้_20260831_203104.jpg,0,0.01,0,0,1,1
203,dataset_1068_annotated_coco1.0_1068_สะพานลอยใกล้ซอยจรัญสนิทวงศ_รถมาจากสะพานพระราม-7-มุ่งหน้_20260831_210104.jpg,0,0.01,0,0,1,1
204,dataset_1072_annotated_coco1.0_1072_ปากซอยจุฬาลงกรณ์-26-ถนนบรรทัด_รถมาจากแยกเจริญผล-รถมุ่งหน้_20260825_060037.jpg,0,0.01,0,0,1,1
205,dataset_1072_annotated_coco1.0_1072_ปากซอยจุฬาลงกรณ์-26-ถนนบรรทัด_รถมาจากแยกเจริญผล-รถมุ่งหน้_20260825_063530.jpg,0,0.01,0,0,1,1
206,dataset_1072_annotated_coco1.0_1072_ปากซอยจุฬาลงกรณ์-26-ถนนบรรทัด_รถมาจากแยกเจริญผล-รถมุ่งหน้_20260825_070529.jpg,0,0.01,0,0,1,1
207,dataset_1072_annotated_coco1.0_1072_ปากซอยจุฬาลงกรณ์-26-ถนนบรรทัด_รถมาจากแยกเจริญผล-รถมุ่งหน้_20260825_073534.jpg,0,0.01,0,0,1,1
208,dataset_1072_annotated_coco1.0_1072_ปากซอยจุฬาลงกรณ์-26-ถนนบรรทัด_รถมาจากแยกเจริญผล-รถมุ่งหน้_20260825_080532.jpg,0,0.01,0,0,1,1
209,dataset_1072_annotated_coco1.0_1072_ปากซอยจุฬาลงกรณ์-26-ถนนบรรทัด_รถมาจากแยกเจริญผล-รถมุ่งหน้_20260825_083531.jpg,0,0.01,0,0,1,1
210,dataset_1072_annotated_coco1.0_1072_ปากซอยจุฬาลงกรณ์-26-ถนนบรรทัด_รถมาจากแยกเจริญผล-รถมุ่งหน้_20260825_090533.jpg,0,0.01,0,0,1,1
211,dataset_1072_annotated_coco1.0_1072_ปากซอยจุฬาลงกรณ์-26-ถนนบรรทัด_รถมาจากแยกเจริญผล-รถมุ่งหน้_20260825_093531.jpg,0,0.01,0,0,1,1
212,dataset_1072_annotated_coco1.0_1072_ปากซอยจุฬาลงกรณ์-26-ถนนบรรทัด_รถมาจากแยกเจริญผล-รถมุ่งหน้_20260825_100528.jpg,0,0.01,0,0,1,1
213,dataset_1072_annotated_coco1.0_1072_ปากซอยจุฬาลงกรณ์-26-ถนนบรรทัด_รถมาจากแยกเจริญผล-รถมุ่งหน้_20260825_103528.jpg,0,0.01,0,0,1,1
214,dataset_1072_annotated_coco1.0_1072_ปากซอยจุฬาลงกรณ์-26-ถนนบรรทัด_รถมาจากแยกเจริญผล-รถมุ่งหน้_20260825_110528.jpg,0,0.01,0,0,1,1
215,dataset_1072_annotated_coco1.0_1072_ปากซอยจุฬาลงกรณ์-26-ถนนบรรทัด_รถมาจากแยกเจริญผล-รถมุ่งหน้_20260825_113531.jpg,0,0.01,0,0,1,1
216,dataset_1072_annotated_coco1.0_1072_ปากซอยจุฬาลงกรณ์-26-ถนนบรรทัด_รถมาจากแยกเจริญผล-รถมุ่งหน้_20260825_120531.jpg,0,0.01,0,0,1,1
217,dataset_1072_annotated_coco1.0_1072_ปากซอยจุฬาลงกรณ์-26-ถนนบรรทัด_รถมาจากแยกเจริญผล-รถมุ่งหน้_20260825_123528.jpg,0,0.01,0,0,1,1
218,dataset_1072_annotated_coco1.0_1072_ปากซอยจุฬาลงกรณ์-26-ถนนบรรทัด_รถมาจากแยกเจริญผล-รถมุ่งหน้_20260825_130533.jpg,0,0.01,0,0,1,1
219,dataset_1072_annotated_coco1.0_1072_ปากซอยจุฬาลงกรณ์-26-ถนนบรรทัด_รถมาจากแยกเจริญผล-รถมุ่งหน้_20260825_133533.jpg,0,0.01,0,0,1,1
220,dataset_1072_annotated_coco1.0_1072_ปากซอยจุฬาลงกรณ์-26-ถนนบรรทัด_รถมาจากแยกเจริญผล-รถมุ่งหน้_20260825_140530.jpg,0,0.01,0,0,1,1
221,dataset_1072_annotated_coco1.0_1072_ปากซอยจุฬาลงกรณ์-26-ถนนบรรทัด_รถมาจากแยกเจริญผล-รถมุ่งหน้_20260825_143529.jpg,0,0.01,0,0,1,1
222,dataset_1072_annotated_coco1.0_1072_ปากซอยจุฬาลงกรณ์-26-ถนนบรรทัด_รถมาจากแยกเจริญผล-รถมุ่งหน้_20260825_150529.jpg,0,0.01,0,0,1,1
223,dataset_1072_annotated_coco1.0_1072_ปากซอยจุฬาลงกรณ์-26-ถนนบรรทัด_รถมาจากแยกเจริญผล-รถมุ่งหน้_20260825_153531.jpg,0,0.01,0,0,1,1
224,dataset_1072_annotated_coco1.0_1072_ปากซอยจุฬาลงกรณ์-26-ถนนบรรทัด_รถมาจากแยกเจริญผล-รถมุ่งหน้_20260825_160529.jpg,0,0.01,0,0,1,1
225,dataset_1072_annotated_coco1.0_1072_ปากซอยจุฬาลงกรณ์-26-ถนนบรรทัด_รถมาจากแยกเจริญผล-รถมุ่งหน้_20260825_163530.jpg,0,0.01,0,0,1,1
226,dataset_1072_annotated_coco1.0_1072_ปากซอยจุฬาลงกรณ์-26-ถนนบรรทัด_รถมาจากแยกเจริญผล-รถมุ่งหน้_20260825_170530.jpg,0,0.01,0,0,1,1
227,dataset_1072_annotated_coco1.0_1072_ปากซอยจุฬาลงกรณ์-26-ถนนบรรทัด_รถมาจากแยกเจริญผล-รถมุ่งหน้_20260825_173530.jpg,0,0.01,0,0,1,1
228,dataset_1072_annotated_coco1.0_1072_ปากซอยจุฬาลงกรณ์-26-ถนนบรรทัด_รถมาจากแยกเจริญผล-รถมุ่งหน้_20260825_180532.jpg,0,0.01,0,0,1,1
229,dataset_1072_annotated_coco1.0_1072_ปากซอยจุฬาลงกรณ์-26-ถนนบรรทัด_รถมาจากแยกเจริญผล-รถมุ่งหน้_20260825_183529.jpg,0,0.01,0,0,1,1
230,dataset_1072_annotated_coco1.0_1072_ปากซอยจุฬาลงกรณ์-26-ถนนบรรทัด_รถมาจากแยกเจริญผล-รถมุ่งหน้_20260825_190529.jpg,0,0.01,0,0,1,1
231,dataset_1072_annotated_coco1.0_1072_ปากซอยจุฬาลงกรณ์-26-ถนนบรรทัด_รถมาจากแยกเจริญผล-รถมุ่งหน้_20260825_193529.jpg,0,0.01,0,0,1,1
232,dataset_1072_annotated_coco1.0_1072_ปากซอยจุฬาลงกรณ์-26-ถนนบรรทัด_รถมาจากแยกเจริญผล-รถมุ่งหน้_20260825_200529.jpg,0,0.01,0,0,1,1
233,dataset_1072_annotated_coco1.0_1072_ปากซอยจุฬาลงกรณ์-26-ถนนบรรทัด_รถมาจากแยกเจริญผล-รถมุ่งหน้_20260825_203529.jpg,0,0.01,0,0,1,1
234,dataset_1072_annotated_coco1.0_1072_ปากซอยจุฬาลงกรณ์-26-ถนนบรรทัด_รถมาจากแยกเจริญผล-รถมุ่งหน้_20260826_060052.jpg,0,0.01,0,0,1,1
235,dataset_1072_annotated_coco1.0_1072_ปากซอยจุฬาลงกรณ์-26-ถนนบรรทัด_รถมาจากแยกเจริญผล-รถมุ่งหน้_20260826_063408.jpg,0,0.01,0,0,1,1
236,dataset_1072_annotated_coco1.0_1072_ปากซอยจุฬาลงกรณ์-26-ถนนบรรทัด_รถมาจากแยกเจริญผล-รถมุ่งหน้_20260826_070549.jpg,0,0.01,0,0,1,1
237,dataset_1072_annotated_coco1.0_1072_ปากซอยจุฬาลงกรณ์-26-ถนนบรรทัด_รถมาจากแยกเจริญผล-รถมุ่งหน้_20260826_081029.jpg,0,0.01,0,0,1,1
238,dataset_1072_annotated_coco1.0_1072_ปากซอยจุฬาลงกรณ์-26-ถนนบรรทัด_รถมาจากแยกเจริญผล-รถมุ่งหน้_20260826_084028.jpg,0,0.01,0,0,1,1
239,dataset_1072_annotated_coco1.0_1072_ปากซอยจุฬาลงกรณ์-26-ถนนบรรทัด_รถมาจากแยกเจริญผล-รถมุ่งหน้_20260826_091029.jpg,0,0.01,0,0,1,1
240,dataset_1072_annotated_coco1.0_1072_ปากซอยจุฬาลงกรณ์-26-ถนนบรรทัด_รถมาจากแยกเจริญผล-รถมุ่งหน้_20260826_094034.jpg,0,0.01,0,0,1,1
241,dataset_1072_annotated_coco1.0_1072_ปากซอยจุฬาลงกรณ์-26-ถนนบรรทัด_รถมาจากแยกเจริญผล-รถมุ่งหน้_20260826_101032.jpg,0,0.01,0,0,1,1
242,dataset_1072_annotated_coco1.0_1072_ปากซอยจุฬาลงกรณ์-26-ถนนบรรทัด_รถมาจากแยกเจริญผล-รถมุ่งหน้_20260826_104031.jpg,0,0.01,0,0,1,1
243,dataset_1072_annotated_coco1.0_1072_ปากซอยจุฬาลงกรณ์-26-ถนนบรรทัด_รถมาจากแยกเจริญผล-รถมุ่งหน้_20260826_111031.jpg,0,0.01,0,0,1,1
244,dataset_1072_annotated_coco1.0_1072_ปากซอยจุฬาลงกรณ์-26-ถนนบรรทัด_รถมาจากแยกเจริญผล-รถมุ่งหน้_20260826_114030.jpg,0,0.01,0,0,1,1
245,dataset_1072_annotated_coco1.0_1072_ปากซอยจุฬาลงกรณ์-26-ถนนบรรทัด_รถมาจากแยกเจริญผล-รถมุ่งหน้_20260826_121031.jpg,0,0.01,0,0,1,1
246,dataset_1072_annotated_coco1.0_1072_ปากซอยจุฬาลงกรณ์-26-ถนนบรรทัด_รถมาจากแยกเจริญผล-รถมุ่งหน้_20260826_124031.jpg,0,0.01,0,0,1,1
247,dataset_1072_annotated_coco1.0_1072_ปากซอยจุฬาลงกรณ์-26-ถนนบรรทัด_รถมาจากแยกเจริญผล-รถมุ่งหน้_20260826_131028.jpg,0,0.01,0,0,1,1
248,dataset_1072_annotated_coco1.0_1072_ปากซอยจุฬาลงกรณ์-26-ถนนบรรทัด_รถมาจากแยกเจริญผล-รถมุ่งหน้_20260826_134031.jpg,0,0.01,0,0,1,1
249,dataset_1072_annotated_coco1.0_1072_ปากซอยจุฬาลงกรณ์-26-ถนนบรรทัด_รถมาจากแยกเจริญผล-รถมุ่งหน้_20260826_141042.jpg,0,0.01,0,0,1,1
250,dataset_1072_annotated_coco1.0_1072_ปากซอยจุฬาลงกรณ์-26-ถนนบรรทัด_รถมาจากแยกเจริญผล-รถมุ่งหน้_20260826_144031.jpg,0,0.01,0,0,1,1
251,dataset_1072_annotated_coco1.0_1072_ปากซอยจุฬาลงกรณ์-26-ถนนบรรทัด_รถมาจากแยกเจริญผล-รถมุ่งหน้_20260826_151034.jpg,0,0.01,0,0,1,1
252,dataset_1072_annotated_coco1.0_1072_ปากซอยจุฬาลงกรณ์-26-ถนนบรรทัด_รถมาจากแยกเจริญผล-รถมุ่งหน้_20260826_154031.jpg,0,0.01,0,0,1,1
253,dataset_1072_annotated_coco1.0_1072_ปากซอยจุฬาลงกรณ์-26-ถนนบรรทัด_รถมาจากแยกเจริญผล-รถมุ่งหน้_20260826_161031.jpg,0,0.01,0,0,1,1
254,dataset_1072_annotated_coco1.0_1072_ปากซอยจุฬาลงกรณ์-26-ถนนบรรทัด_รถมาจากแยกเจริญผล-รถมุ่งหน้_20260826_164029.jpg,0,0.01,0,0,1,1
255,dataset_1072_annotated_coco1.0_1072_ปากซอยจุฬาลงกรณ์-26-ถนนบรรทัด_รถมาจากแยกเจริญผล-รถมุ่งหน้_20260826_171029.jpg,0,0.01,0,0,1,1
256,dataset_1072_annotated_coco1.0_1072_ปากซอยจุฬาลงกรณ์-26-ถนนบรรทัด_รถมาจากแยกเจริญผล-รถมุ่งหน้_20260826_174029.jpg,0,0.01,0,0,1,1
257,dataset_1072_annotated_coco1.0_1072_ปากซอยจุฬาลงกรณ์-26-ถนนบรรทัด_รถมาจากแยกเจริญผล-รถมุ่งหน้_20260826_181029.jpg,0,0.01,0,0,1,1
258,dataset_1072_annotated_coco1.0_1072_ปากซอยจุฬาลงกรณ์-26-ถนนบรรทัด_รถมาจากแยกเจริญผล-รถมุ่งหน้_20260826_184029.jpg,0,0.01,0,0,1,1
259,dataset_1072_annotated_coco1.0_1072_ปากซอยจุฬาลงกรณ์-26-ถนนบรรทัด_รถมาจากแยกเจริญผล-รถมุ่งหน้_20260826_191029.jpg,0,0.01,0,0,1,1
260,dataset_1072_annotated_coco1.0_1072_ปากซอยจุฬาลงกรณ์-26-ถนนบรรทัด_รถมาจากแยกเจริญผล-รถมุ่งหน้_20260826_194029.jpg,0,0.01,0,0,1,1
261,dataset_1072_annotated_coco1.0_1072_ปากซอยจุฬาลงกรณ์-26-ถนนบรรทัด_รถมาจากแยกเจริญผล-รถมุ่งหน้_20260826_201029.jpg,0,0.01,0,0,1,1
262,dataset_1072_annotated_coco1.0_1072_ปากซอยจุฬาลงกรณ์-26-ถนนบรรทัด_รถมาจากแยกเจริญผล-รถมุ่งหน้_20260826_204029.jpg,0,0.01,0,0,1,1
263,dataset_1072_annotated_coco1.0_1072_ปากซอยจุฬาลงกรณ์-26-ถนนบรรทัด_รถมาจากแยกเจริญผล-รถมุ่งหน้_20260827_090528.jpg,0,0.01,0,0,1,1
264,dataset_1072_annotated_coco1.0_1072_ปากซอยจุฬาลงกรณ์-26-ถนนบรรทัด_รถมาจากแยกเจริญผล-รถมุ่งหน้_20260827_093528.jpg,0,0.01,0,0,1,1
265,dataset_1072_annotated_coco1.0_1072_ปากซอยจุฬาลงกรณ์-26-ถนนบรรทัด_รถมาจากแยกเจริญผล-รถมุ่งหน้_20260827_100533.jpg,0,0.01,0,0,1,1
266,dataset_1072_annotated_coco1.0_1072_ปากซอยจุฬาลงกรณ์-26-ถนนบรรทัด_รถมาจากแยกเจริญผล-รถมุ่งหน้_20260827_103528.jpg,0,0.01,0,0,1,1
267,dataset_1072_annotated_coco1.0_1072_ปากซอยจุฬาลงกรณ์-26-ถนนบรรทัด_รถมาจากแยกเจริญผล-รถมุ่งหน้_20260827_110528.jpg,0,0.01,0,0,1,1
268,dataset_1072_annotated_coco1.0_1072_ปากซอยจุฬาลงกรณ์-26-ถนนบรรทัด_รถมาจากแยกเจริญผล-รถมุ่งหน้_20260827_113529.jpg,0,0.01,0,0,1,1
269,dataset_1072_annotated_coco1.0_1072_ปากซอยจุฬาลงกรณ์-26-ถนนบรรทัด_รถมาจากแยกเจริญผล-รถมุ่งหน้_20260827_120528.jpg,0,0.01,0,0,1,1
270,dataset_1072_annotated_coco1.0_1072_ปากซอยจุฬาลงกรณ์-26-ถนนบรรทัด_รถมาจากแยกเจริญผล-รถมุ่งหน้_20260827_123552.jpg,0,0.01,0,0,1,1
271,dataset_1072_annotated_coco1.0_1072_ปากซอยจุฬาลงกรณ์-26-ถนนบรรทัด_รถมาจากแยกเจริญผล-รถมุ่งหน้_20260827_130542.jpg,0,0.01,0,0,1,1
272,dataset_1072_annotated_coco1.0_1072_ปากซอยจุฬาลงกรณ์-26-ถนนบรรทัด_รถมาจากแยกเจริญผล-รถมุ่งหน้_20260827_133533.jpg,0,0.01,0,0,1,1
273,dataset_1072_annotated_coco1.0_1072_ปากซอยจุฬาลงกรณ์-26-ถนนบรรทัด_รถมาจากแยกเจริญผล-รถมุ่งหน้_20260827_140533.jpg,0,0.01,0,0,1,1
274,dataset_1072_annotated_coco1.0_1072_ปากซอยจุฬาลงกรณ์-26-ถนนบรรทัด_รถมาจากแยกเจริญผล-รถมุ่งหน้_20260827_143531.jpg,0,0.01,0,0,1,1
275,dataset_1072_annotated_coco1.0_1072_ปากซอยจุฬาลงกรณ์-26-ถนนบรรทัด_รถมาจากแยกเจริญผล-รถมุ่งหน้_20260827_150531.jpg,0,0.01,0,0,1,1
276,dataset_1072_annotated_coco1.0_1072_ปากซอยจุฬาลงกรณ์-26-ถนนบรรทัด_รถมาจากแยกเจริญผล-รถมุ่งหน้_20260827_153531.jpg,0,0.01,0,0,1,1
277,dataset_1072_annotated_coco1.0_1072_ปากซอยจุฬาลงกรณ์-26-ถนนบรรทัด_รถมาจากแยกเจริญผล-รถมุ่งหน้_20260827_160529.jpg,0,0.01,0,0,1,1
278,dataset_1072_annotated_coco1.0_1072_ปากซอยจุฬาลงกรณ์-26-ถนนบรรทัด_รถมาจากแยกเจริญผล-รถมุ่งหน้_20260827_163530.jpg,0,0.01,0,0,1,1
279,dataset_1072_annotated_coco1.0_1072_ปากซอยจุฬาลงกรณ์-26-ถนนบรรทัด_รถมาจากแยกเจริญผล-รถมุ่งหน้_20260827_170529.jpg,0,0.01,0,0,1,1
280,dataset_1072_annotated_coco1.0_1072_ปากซอยจุฬาลงกรณ์-26-ถนนบรรทัด_รถมาจากแยกเจริญผล-รถมุ่งหน้_20260827_173529.jpg,0,0.01,0,0,1,1
281,dataset_1072_annotated_coco1.0_1072_ปากซอยจุฬาลงกรณ์-26-ถนนบรรทัด_รถมาจากแยกเจริญผล-รถมุ่งหน้_20260827_180529.jpg,0,0.01,0,0,1,1
282,dataset_1072_annotated_coco1.0_1072_ปากซอยจุฬาลงกรณ์-26-ถนนบรรทัด_รถมาจากแยกเจริญผล-รถมุ่งหน้_20260827_183529.jpg,0,0.01,0,0,1,1
283,dataset_1072_annotated_coco1.0_1072_ปากซอยจุฬาลงกรณ์-26-ถนนบรรทัด_รถมาจากแยกเจริญผล-รถมุ่งหน้_20260827_190529.jpg,0,0.01,0,0,1,1
284,dataset_1072_annotated_coco1.0_1072_ปากซอยจุฬาลงกรณ์-26-ถนนบรรทัด_รถมาจากแยกเจริญผล-รถมุ่งหน้_20260827_193529.jpg,0,0.01,0,0,1,1
285,dataset_1072_annotated_coco1.0_1072_ปากซอยจุฬาลงกรณ์-26-ถนนบรรทัด_รถมาจากแยกเจริญผล-รถมุ่งหน้_20260827_200529.jpg,0,0.01,0,0,1,1
286,dataset_1072_annotated_coco1.0_1072_ปากซอยจุฬาลงกรณ์-26-ถนนบรรทัด_รถมาจากแยกเจริญผล-รถมุ่งหน้_20260827_203529.jpg,0,0.01,0,0,1,1
287,dataset_1072_annotated_coco1.0_1072_ปากซอยจุฬาลงกรณ์-26-ถนนบรรทัด_รถมาจากแยกเจริญผล-รถมุ่งหน้_20260828_063032.jpg,0,0.01,0,0,1,1
288,dataset_1072_annotated_coco1.0_1072_ปากซอยจุฬาลงกรณ์-26-ถนนบรรทัด_รถมาจากแยกเจริญผล-รถมุ่งหน้_20260828_070031.jpg,0,0.01,0,0,1,1
289,dataset_1072_annotated_coco1.0_1072_ปากซอยจุฬาลงกรณ์-26-ถนนบรรทัด_รถมาจากแยกเจริญผล-รถมุ่งหน้_20260828_073032.jpg,0,0.01,0,0,1,1
290,dataset_1072_annotated_coco1.0_1072_ปากซอยจุฬาลงกรณ์-26-ถนนบรรทัด_รถมาจากแยกเจริญผล-รถมุ่งหน้_20260828_080030.jpg,0,0.01,0,0,1,1
291,dataset_1072_annotated_coco1.0_1072_ปากซอยจุฬาลงกรณ์-26-ถนนบรรทัด_รถมาจากแยกเจริญผล-รถมุ่งหน้_20260828_083028.jpg,0,0.01,0,0,1,1
292,dataset_1072_annotated_coco1.0_1072_ปากซอยจุฬาลงกรณ์-26-ถนนบรรทัด_รถมาจากแยกเจริญผล-รถมุ่งหน้_20260828_090029.jpg,0,0.01,0,0,1,1
293,dataset_1072_annotated_coco1.0_1072_ปากซอยจุฬาลงกรณ์-26-ถนนบรรทัด_รถมาจากแยกเจริญผล-รถมุ่งหน้_20260828_093034.jpg,0,0.01,0,0,1,1
294,dataset_1072_annotated_coco1.0_1072_ปากซอยจุฬาลงกรณ์-26-ถนนบรรทัด_รถมาจากแยกเจริญผล-รถมุ่งหน้_20260828_100042.jpg,0,0.01,0,0,1,1
295,dataset_1072_annotated_coco1.0_1072_ปากซอยจุฬาลงกรณ์-26-ถนนบรรทัด_รถมาจากแยกเจริญผล-รถมุ่งหน้_20260828_103034.jpg,0,0.01,0,0,1,1
296,dataset_1072_annotated_coco1.0_1072_ปากซอยจุฬาลงกรณ์-26-ถนนบรรทัด_รถมาจากแยกเจริญผล-รถมุ่งหน้_20260828_110038.jpg,0,0.01,0,0,1,1
297,dataset_1072_annotated_coco1.0_1072_ปากซอยจุฬาลงกรณ์-26-ถนนบรรทัด_รถมาจากแยกเจริญผล-รถมุ่งหน้_20260828_113032.jpg,0,0.01,0,0,1,1
298,dataset_1072_annotated_coco1.0_1072_ปากซอยจุฬาลงกรณ์-26-ถนนบรรทัด_รถมาจากแยกเจริญผล-รถมุ่งหน้_20260828_120033.jpg,0,0.01,0,0,1,1
299,dataset_1072_annotated_coco1.0_1072_ปากซอยจุฬาลงกรณ์-26-ถนนบรรทัด_รถมาจากแยกเจริญผล-รถมุ่งหน้_20260828_123035.jpg,0,0.01,0,0,1,1
300,dataset_1072_annotated_coco1.0_1072_ปากซอยจุฬาลงกรณ์-26-ถนนบรรทัด_รถมาจากแยกเจริญผล-รถมุ่งหน้_20260828_130031.jpg,0,0.01,0,0,1,1
301,dataset_1072_annotated_coco1.0_1072_ปากซอยจุฬาลงกรณ์-26-ถนนบรรทัด_รถมาจากแยกเจริญผล-รถมุ่งหน้_20260828_133038.jpg,0,0.01,0,0,1,1
302,dataset_1072_annotated_coco1.0_1072_ปากซอยจุฬาลงกรณ์-26-ถนนบรรทัด_รถมาจากแยกเจริญผล-รถมุ่งหน้_20260828_140029.jpg,0,0.01,0,0,1,1
303,dataset_1072_annotated_coco1.0_1072_ปากซอยจุฬาลงกรณ์-26-ถนนบรรทัด_รถมาจากแยกเจริญผล-รถมุ่งหน้_20260828_143029.jpg,0,0.01,0,0,1,1
304,dataset_1072_annotated_coco1.0_1072_ปากซอยจุฬาลงกรณ์-26-ถนนบรรทัด_รถมาจากแยกเจริญผล-รถมุ่งหน้_20260828_150029.jpg,0,0.01,0,0,1,1
305,dataset_1072_annotated_coco1.0_1072_ปากซอยจุฬาลงกรณ์-26-ถนนบรรทัด_รถมาจากแยกเจริญผล-รถมุ่งหน้_20260828_153030.jpg,0,0.01,0,0,1,1
306,dataset_1072_annotated_coco1.0_1072_ปากซอยจุฬาลงกรณ์-26-ถนนบรรทัด_รถมาจากแยกเจริญผล-รถมุ่งหน้_20260828_160029.jpg,0,0.01,0,0,1,1
307,dataset_1072_annotated_coco1.0_1072_ปากซอยจุฬาลงกรณ์-26-ถนนบรรทัด_รถมาจากแยกเจริญผล-รถมุ่งหน้_20260828_163529.jpg,0,0.01,0,0,1,1
308,dataset_1072_annotated_coco1.0_1072_ปากซอยจุฬาลงกรณ์-26-ถนนบรรทัด_รถมาจากแยกเจริญผล-รถมุ่งหน้_20260828_170529.jpg,0,0.01,0,0,1,1
309,dataset_1072_annotated_coco1.0_1072_ปากซอยจุฬาลงกรณ์-26-ถนนบรรทัด_รถมาจากแยกเจริญผล-รถมุ่งหน้_20260828_173529.jpg,0,0.01,0,0,1,1
310,dataset_1072_annotated_coco1.0_1072_ปากซอยจุฬาลงกรณ์-26-ถนนบรรทัด_รถมาจากแยกเจริญผล-รถมุ่งหน้_20260828_180547.jpg,0,0.01,0,0,1,1
311,dataset_1072_annotated_coco1.0_1072_ปากซอยจุฬาลงกรณ์-26-ถนนบรรทัด_รถมาจากแยกเจริญผล-รถมุ่งหน้_20260828_183529.jpg,0,0.01,0,0,1,1
312,dataset_1072_annotated_coco1.0_1072_ปากซอยจุฬาลงกรณ์-26-ถนนบรรทัด_รถมาจากแยกเจริญผล-รถมุ่งหน้_20260828_190529.jpg,0,0.01,0,0,1,1
313,dataset_1072_annotated_coco1.0_1072_ปากซอยจุฬาลงกรณ์-26-ถนนบรรทัด_รถมาจากแยกเจริญผล-รถมุ่งหน้_20260828_193529.jpg,0,0.01,0,0,1,1
314,dataset_1072_annotated_coco1.0_1072_ปากซอยจุฬาลงกรณ์-26-ถนนบรรทัด_รถมาจากแยกเจริญผล-รถมุ่งหน้_20260828_200531.jpg,0,0.01,0,0,1,1
315,dataset_1072_annotated_coco1.0_1072_ปากซอยจุฬาลงกรณ์-26-ถนนบรรทัด_รถมาจากแยกเจริญผล-รถมุ่งหน้_20260828_203529.jpg,0,0.01,0,0,1,1
316,dataset_1072_annotated_coco1.0_1072_ปากซอยจุฬาลงกรณ์-26-ถนนบรรทัด_รถมาจากแยกเจริญผล-รถมุ่งหน้_20260829_060037.jpg,0,0.01,0,0,1,1
317,dataset_1072_annotated_coco1.0_1072_ปากซอยจุฬาลงกรณ์-26-ถนนบรรทัด_รถมาจากแยกเจริญผล-รถมุ่งหน้_20260829_063032.jpg,0,0.01,0,0,1,1
318,dataset_1072_annotated_coco1.0_1072_ปากซอยจุฬาลงกรณ์-26-ถนนบรรทัด_รถมาจากแยกเจริญผล-รถมุ่งหน้_20260829_070032.jpg,0,0.01,0,0,1,1
319,dataset_1072_annotated_coco1.0_1072_ปากซอยจุฬาลงกรณ์-26-ถนนบรรทัด_รถมาจากแยกเจริญผล-รถมุ่งหน้_20260829_073031.jpg,0,0.01,0,0,1,1
320,dataset_1072_annotated_coco1.0_1072_ปากซอยจุฬาลงกรณ์-26-ถนนบรรทัด_รถมาจากแยกเจริญผล-รถมุ่งหน้_20260829_080529.jpg,0,0.01,0,0,1,1
321,dataset_1072_annotated_coco1.0_1072_ปากซอยจุฬาลงกรณ์-26-ถนนบรรทัด_รถมาจากแยกเจริญผล-รถมุ่งหน้_20260829_083528.jpg,0,0.01,0,0,1,1
322,dataset_1072_annotated_coco1.0_1072_ปากซอยจุฬาลงกรณ์-26-ถนนบรรทัด_รถมาจากแยกเจริญผล-รถมุ่งหน้_20260829_090528.jpg,0,0.01,0,0,1,1
323,dataset_1072_annotated_coco1.0_1072_ปากซอยจุฬาลงกรณ์-26-ถนนบรรทัด_รถมาจากแยกเจริญผล-รถมุ่งหน้_20260829_093528.jpg,0,0.01,0,0,1,1
324,dataset_1072_annotated_coco1.0_1072_ปากซอยจุฬาลงกรณ์-26-ถนนบรรทัด_รถมาจากแยกเจริญผล-รถมุ่งหน้_20260829_100529.jpg,0,0.01,0,0,1,1
325,dataset_1072_annotated_coco1.0_1072_ปากซอยจุฬาลงกรณ์-26-ถนนบรรทัด_รถมาจากแยกเจริญผล-รถมุ่งหน้_20260829_103528.jpg,0,0.01,0,0,1,1
326,dataset_1072_annotated_coco1.0_1072_ปากซอยจุฬาลงกรณ์-26-ถนนบรรทัด_รถมาจากแยกเจริญผล-รถมุ่งหน้_20260829_113531.jpg,0,0.01,0,0,1,1
327,dataset_1072_annotated_coco1.0_1072_ปากซอยจุฬาลงกรณ์-26-ถนนบรรทัด_รถมาจากแยกเจริญผล-รถมุ่งหน้_20260829_120531.jpg,0,0.01,0,0,1,1
328,dataset_1072_annotated_coco1.0_1072_ปากซอยจุฬาลงกรณ์-26-ถนนบรรทัด_รถมาจากแยกเจริญผล-รถมุ่งหน้_20260829_123531.jpg,0,0.01,0,0,1,1
329,dataset_1072_annotated_coco1.0_1072_ปากซอยจุฬาลงกรณ์-26-ถนนบรรทัด_รถมาจากแยกเจริญผล-รถมุ่งหน้_20260829_130533.jpg,0,0.01,0,0,1,1
330,dataset_1072_annotated_coco1.0_1072_ปากซอยจุฬาลงกรณ์-26-ถนนบรรทัด_รถมาจากแยกเจริญผล-รถมุ่งหน้_20260829_133531.jpg,0,0.01,0,0,1,1
331,dataset_1072_annotated_coco1.0_1072_ปากซอยจุฬาลงกรณ์-26-ถนนบรรทัด_รถมาจากแยกเจริญผล-รถมุ่งหน้_20260829_140531.jpg,0,0.01,0,0,1,1
332,dataset_1072_annotated_coco1.0_1072_ปากซอยจุฬาลงกรณ์-26-ถนนบรรทัด_รถมาจากแยกเจริญผล-รถมุ่งหน้_20260829_143531.jpg,0,0.01,0,0,1,1
333,dataset_1072_annotated_coco1.0_1072_ปากซอยจุฬาลงกรณ์-26-ถนนบรรทัด_รถมาจากแยกเจริญผล-รถมุ่งหน้_20260829_150529.jpg,0,0.01,0,0,1,1
334,dataset_1072_annotated_coco1.0_1072_ปากซอยจุฬาลงกรณ์-26-ถนนบรรทัด_รถมาจากแยกเจริญผล-รถมุ่งหน้_20260829_153532.jpg,0,0.01,0,0,1,1
335,dataset_1072_annotated_coco1.0_1072_ปากซอยจุฬาลงกรณ์-26-ถนนบรรทัด_รถมาจากแยกเจริญผล-รถมุ่งหน้_20260829_160529.jpg,0,0.01,0,0,1,1
336,dataset_1072_annotated_coco1.0_1072_ปากซอยจุฬาลงกรณ์-26-ถนนบรรทัด_รถมาจากแยกเจริญผล-รถมุ่งหน้_20260829_163529.jpg,0,0.01,0,0,1,1
337,dataset_1072_annotated_coco1.0_1072_ปากซอยจุฬาลงกรณ์-26-ถนนบรรทัด_รถมาจากแยกเจริญผล-รถมุ่งหน้_20260829_170530.jpg,0,0.01,0,0,1,1
338,dataset_1072_annotated_coco1.0_1072_ปากซอยจุฬาลงกรณ์-26-ถนนบรรทัด_รถมาจากแยกเจริญผล-รถมุ่งหน้_20260829_173529.jpg,0,0.01,0,0,1,1
339,dataset_1072_annotated_coco1.0_1072_ปากซอยจุฬาลงกรณ์-26-ถนนบรรทัด_รถมาจากแยกเจริญผล-รถมุ่งหน้_20260829_180529.jpg,0,0.01,0,0,1,1
340,dataset_1072_annotated_coco1.0_1072_ปากซอยจุฬาลงกรณ์-26-ถนนบรรทัด_รถมาจากแยกเจริญผล-รถมุ่งหน้_20260829_183529.jpg,0,0.01,0,0,1,1
341,dataset_1072_annotated_coco1.0_1072_ปากซอยจุฬาลงกรณ์-26-ถนนบรรทัด_รถมาจากแยกเจริญผล-รถมุ่งหน้_20260829_190529.jpg,0,0.01,0,0,1,1
342,dataset_1072_annotated_coco1.0_1072_ปากซอยจุฬาลงกรณ์-26-ถนนบรรทัด_รถมาจากแยกเจริญผล-รถมุ่งหน้_20260829_193529.jpg,0,0.01,0,0,1,1
343,dataset_1072_annotated_coco1.0_1072_ปากซอยจุฬาลงกรณ์-26-ถนนบรรทัด_รถมาจากแยกเจริญผล-รถมุ่งหน้_20260829_200529.jpg,0,0.01,0,0,1,1
344,dataset_1072_annotated_coco1.0_1072_ปากซอยจุฬาลงกรณ์-26-ถนนบรรทัด_รถมาจากแยกเจริญผล-รถมุ่งหน้_20260829_203529.jpg,0,0.01,0,0,1,1
345,dataset_1072_annotated_coco1.0_1072_ปากซอยจุฬาลงกรณ์-26-ถนนบรรทัด_รถมาจากแยกเจริญผล-รถมุ่งหน้_20260830_063033.jpg,0,0.01,0,0,1,1
346,dataset_1072_annotated_coco1.0_1072_ปากซอยจุฬาลงกรณ์-26-ถนนบรรทัด_รถมาจากแยกเจริญผล-รถมุ่งหน้_20260830_070033.jpg,0,0.01,0,0,1,1
347,dataset_1072_annotated_coco1.0_1072_ปากซอยจุฬาลงกรณ์-26-ถนนบรรทัด_รถมาจากแยกเจริญผล-รถมุ่งหน้_20260830_073030.jpg,0,0.01,0,0,1,1
348,dataset_1072_annotated_coco1.0_1072_ปากซอยจุฬาลงกรณ์-26-ถนนบรรทัด_รถมาจากแยกเจริญผล-รถมุ่งหน้_20260830_080031.jpg,0,0.01,0,0,1,1
349,dataset_1072_annotated_coco1.0_1072_ปากซอยจุฬาลงกรณ์-26-ถนนบรรทัด_รถมาจากแยกเจริญผล-รถมุ่งหน้_20260830_083029.jpg,0,0.01,0,0,1,1
350,dataset_1072_annotated_coco1.0_1072_ปากซอยจุฬาลงกรณ์-26-ถนนบรรทัด_รถมาจากแยกเจริญผล-รถมุ่งหน้_20260830_090028.jpg,0,0.01,0,0,1,1
351,dataset_1072_annotated_coco1.0_1072_ปากซอยจุฬาลงกรณ์-26-ถนนบรรทัด_รถมาจากแยกเจริญผล-รถมุ่งหน้_20260830_093030.jpg,0,0.01,0,0,1,1
352,dataset_1072_annotated_coco1.0_1072_ปากซอยจุฬาลงกรณ์-26-ถนนบรรทัด_รถมาจากแยกเจริญผล-รถมุ่งหน้_20260830_100029.jpg,0,0.01,0,0,1,1
353,dataset_1072_annotated_coco1.0_1072_ปากซอยจุฬาลงกรณ์-26-ถนนบรรทัด_รถมาจากแยกเจริญผล-รถมุ่งหน้_20260830_103029.jpg,0,0.01,0,0,1,1
354,dataset_1072_annotated_coco1.0_1072_ปากซอยจุฬาลงกรณ์-26-ถนนบรรทัด_รถมาจากแยกเจริญผล-รถมุ่งหน้_20260830_110029.jpg,0,0.01,0,0,1,1
355,dataset_1072_annotated_coco1.0_1072_ปากซอยจุฬาลงกรณ์-26-ถนนบรรทัด_รถมาจากแยกเจริญผล-รถมุ่งหน้_20260830_113029.jpg,0,0.01,0,0,1,1
356,dataset_1072_annotated_coco1.0_1072_ปากซอยจุฬาลงกรณ์-26-ถนนบรรทัด_รถมาจากแยกเจริญผล-รถมุ่งหน้_20260830_120029.jpg,0,0.01,0,0,1,1
357,dataset_1072_annotated_coco1.0_1072_ปากซอยจุฬาลงกรณ์-26-ถนนบรรทัด_รถมาจากแยกเจริญผล-รถมุ่งหน้_20260830_123029.jpg,0,0.01,0,0,1,1
358,dataset_1072_annotated_coco1.0_1072_ปากซอยจุฬาลงกรณ์-26-ถนนบรรทัด_รถมาจากแยกเจริญผล-รถมุ่งหน้_20260830_130029.jpg,0,0.01,0,0,1,1
359,dataset_1072_annotated_coco1.0_1072_ปากซอยจุฬาลงกรณ์-26-ถนนบรรทัด_รถมาจากแยกเจริญผล-รถมุ่งหน้_20260830_133030.jpg,0,0.01,0,0,1,1
360,dataset_1072_annotated_coco1.0_1072_ปากซอยจุฬาลงกรณ์-26-ถนนบรรทัด_รถมาจากแยกเจริญผล-รถมุ่งหน้_20260830_140029.jpg,0,0.01,0,0,1,1
361,dataset_1072_annotated_coco1.0_1072_ปากซอยจุฬาลงกรณ์-26-ถนนบรรทัด_รถมาจากแยกเจริญผล-รถมุ่งหน้_20260830_143029.jpg,0,0.01,0,0,1,1
362,dataset_1072_annotated_coco1.0_1072_ปากซอยจุฬาลงกรณ์-26-ถนนบรรทัด_รถมาจากแยกเจริญผล-รถมุ่งหน้_20260830_150031.jpg,0,0.01,0,0,1,1
363,dataset_1072_annotated_coco1.0_1072_ปากซอยจุฬาลงกรณ์-26-ถนนบรรทัด_รถมาจากแยกเจริญผล-รถมุ่งหน้_20260830_153035.jpg,0,0.01,0,0,1,1
364,dataset_1072_annotated_coco1.0_1072_ปากซอยจุฬาลงกรณ์-26-ถนนบรรทัด_รถมาจากแยกเจริญผล-รถมุ่งหน้_20260830_160035.jpg,0,0.01,0,0,1,1
365,dataset_1072_annotated_coco1.0_1072_ปากซอยจุฬาลงกรณ์-26-ถนนบรรทัด_รถมาจากแยกเจริญผล-รถมุ่งหน้_20260830_163033.jpg,0,0.01,0,0,1,1
366,dataset_1072_annotated_coco1.0_1072_ปากซอยจุฬาลงกรณ์-26-ถนนบรรทัด_รถมาจากแยกเจริญผล-รถมุ่งหน้_20260830_170031.jpg,0,0.01,0,0,1,1
367,dataset_1072_annotated_coco1.0_1072_ปากซอยจุฬาลงกรณ์-26-ถนนบรรทัด_รถมาจากแยกเจริญผล-รถมุ่งหน้_20260830_173034.jpg,0,0.01,0,0,1,1
368,dataset_1072_annotated_coco1.0_1072_ปากซอยจุฬาลงกรณ์-26-ถนนบรรทัด_รถมาจากแยกเจริญผล-รถมุ่งหน้_20260830_180033.jpg,0,0.01,0,0,1,1
369,dataset_1072_annotated_coco1.0_1072_ปากซอยจุฬาลงกรณ์-26-ถนนบรรทัด_รถมาจากแยกเจริญผล-รถมุ่งหน้_20260830_183033.jpg,0,0.01,0,0,1,1
370,dataset_1072_annotated_coco1.0_1072_ปากซอยจุฬาลงกรณ์-26-ถนนบรรทัด_รถมาจากแยกเจริญผล-รถมุ่งหน้_20260830_190029.jpg,0,0.01,0,0,1,1
371,dataset_1072_annotated_coco1.0_1072_ปากซอยจุฬาลงกรณ์-26-ถนนบรรทัด_รถมาจากแยกเจริญผล-รถมุ่งหน้_20260830_193029.jpg,0,0.01,0,0,1,1
372,dataset_1072_annotated_coco1.0_1072_ปากซอยจุฬาลงกรณ์-26-ถนนบรรทัด_รถมาจากแยกเจริญผล-รถมุ่งหน้_20260830_200036.jpg,0,0.01,0,0,1,1
373,dataset_1072_annotated_coco1.0_1072_ปากซอยจุฬาลงกรณ์-26-ถนนบรรทัด_รถมาจากแยกเจริญผล-รถมุ่งหน้_20260830_203029.jpg,0,0.01,0,0,1,1
374,dataset_1072_annotated_coco1.0_1072_ปากซอยจุฬาลงกรณ์-26-ถนนบรรทัด_รถมาจากแยกเจริญผล-รถมุ่งหน้_20260830_210029.jpg,0,0.01,0,0,1,1
375,dataset_1072_annotated_coco1.0_1072_ปากซอยจุฬาลงกรณ์-26-ถนนบรรทัด_รถมาจากแยกเจริญผล-รถมุ่งหน้_20260831_062528.jpg,0,0.01,0,0,1,1
376,dataset_1072_annotated_coco1.0_1072_ปากซอยจุฬาลงกรณ์-26-ถนนบรรทัด_รถมาจากแยกเจริญผล-รถมุ่งหน้_20260831_065529.jpg,0,0.01,0,0,1,1
377,dataset_1072_annotated_coco1.0_1072_ปากซอยจุฬาลงกรณ์-26-ถนนบรรทัด_รถมาจากแยกเจริญผล-รถมุ่งหน้_20260831_075528.jpg,0,0.01,0,0,1,1
378,dataset_1072_annotated_coco1.0_1072_ปากซอยจุฬาลงกรณ์-26-ถนนบรรทัด_รถมาจากแยกเจริญผล-รถมุ่งหน้_20260831_082528.jpg,0,0.01,0,0,1,1
379,dataset_1072_annotated_coco1.0_1072_ปากซอยจุฬาลงกรณ์-26-ถนนบรรทัด_รถมาจากแยกเจริญผล-รถมุ่งหน้_20260831_085528.jpg,0,0.01,0,0,1,1
380,dataset_1072_annotated_coco1.0_1072_ปากซอยจุฬาลงกรณ์-26-ถนนบรรทัด_รถมาจากแยกเจริญผล-รถมุ่งหน้_20260831_092529.jpg,0,0.01,0,0,1,1
381,dataset_1072_annotated_coco1.0_1072_ปากซอยจุฬาลงกรณ์-26-ถนนบรรทัด_รถมาจากแยกเจริญผล-รถมุ่งหน้_20260831_095528.jpg,0,0.01,0,0,1,1
382,dataset_1072_annotated_coco1.0_1072_ปากซอยจุฬาลงกรณ์-26-ถนนบรรทัด_รถมาจากแยกเจริญผล-รถมุ่งหน้_20260831_102529.jpg,0,0.01,0,0,1,1
383,dataset_1072_annotated_coco1.0_1072_ปากซอยจุฬาลงกรณ์-26-ถนนบรรทัด_รถมาจากแยกเจริญผล-รถมุ่งหน้_20260831_105528.jpg,0,0.01,0,0,1,1
384,dataset_1072_annotated_coco1.0_1072_ปากซอยจุฬาลงกรณ์-26-ถนนบรรทัด_รถมาจากแยกเจริญผล-รถมุ่งหน้_20260831_112528.jpg,0,0.01,0,0,1,1
385,dataset_1072_annotated_coco1.0_1072_ปากซอยจุฬาลงกรณ์-26-ถนนบรรทัด_รถมาจากแยกเจริญผล-รถมุ่งหน้_20260831_115528.jpg,0,0.01,0,0,1,1
386,dataset_1072_annotated_coco1.0_1072_ปากซอยจุฬาลงกรณ์-26-ถนนบรรทัด_รถมาจากแยกเจริญผล-รถมุ่งหน้_20260831_122528.jpg,0,0.01,0,0,1,1
387,dataset_1072_annotated_coco1.0_1072_ปากซอยจุฬาลงกรณ์-26-ถนนบรรทัด_รถมาจากแยกเจริญผล-รถมุ่งหน้_20260831_125529.jpg,0,0.01,0,0,1,1
388,dataset_1072_annotated_coco1.0_1072_ปากซอยจุฬาลงกรณ์-26-ถนนบรรทัด_รถมาจากแยกเจริญผล-รถมุ่งหน้_20260831_132529.jpg,0,0.01,0,0,1,1
389,dataset_1072_annotated_coco1.0_1072_ปากซอยจุฬาลงกรณ์-26-ถนนบรรทัด_รถมาจากแยกเจริญผล-รถมุ่งหน้_20260831_135531.jpg,0,0.01,0,0,1,1
390,dataset_1072_annotated_coco1.0_1072_ปากซอยจุฬาลงกรณ์-26-ถนนบรรทัด_รถมาจากแยกเจริญผล-รถมุ่งหน้_20260831_142529.jpg,0,0.01,0,0,1,1
391,dataset_1072_annotated_coco1.0_1072_ปากซอยจุฬาลงกรณ์-26-ถนนบรรทัด_รถมาจากแยกเจริญผล-รถมุ่งหน้_20260831_145529.jpg,0,0.01,0,0,1,1
392,dataset_1072_annotated_coco1.0_1072_ปากซอยจุฬาลงกรณ์-26-ถนนบรรทัด_รถมาจากแยกเจริญผล-รถมุ่งหน้_20260831_152529.jpg,0,0.01,0,0,1,1
393,dataset_1072_annotated_coco1.0_1072_ปากซอยจุฬาลงกรณ์-26-ถนนบรรทัด_รถมาจากแยกเจริญผล-รถมุ่งหน้_20260831_155532.jpg,0,0.01,0,0,1,1
394,dataset_1072_annotated_coco1.0_1072_ปากซอยจุฬาลงกรณ์-26-ถนนบรรทัด_รถมาจากแยกเจริญผล-รถมุ่งหน้_20260831_162529.jpg,0,0.01,0,0,1,1
395,dataset_1072_annotated_coco1.0_1072_ปากซอยจุฬาลงกรณ์-26-ถนนบรรทัด_รถมาจากแยกเจริญผล-รถมุ่งหน้_20260831_165532.jpg,0,0.01,0,0,1,1
396,dataset_1072_annotated_coco1.0_1072_ปากซอยจุฬาลงกรณ์-26-ถนนบรรทัด_รถมาจากแยกเจริญผล-รถมุ่งหน้_20260831_172531.jpg,0,0.01,0,0,1,1
397,dataset_1072_annotated_coco1.0_1072_ปากซอยจุฬาลงกรณ์-26-ถนนบรรทัด_รถมาจากแยกเจริญผล-รถมุ่งหน้_20260831_175533.jpg,0,0.01,0,0,1,1
398,dataset_1072_annotated_coco1.0_1072_ปากซอยจุฬาลงกรณ์-26-ถนนบรรทัด_รถมาจากแยกเจริญผล-รถมุ่งหน้_20260831_182532.jpg,0,0.01,0,0,1,1
399,dataset_1072_annotated_coco1.0_1072_ปากซอยจุฬาลงกรณ์-26-ถนนบรรทัด_รถมาจากแยกเจริญผล-รถมุ่งหน้_20260831_185531.jpg,0,0.01,0,0,1,1
400,dataset_1072_annotated_coco1.0_1072_ปากซอยจุฬาลงกรณ์-26-ถนนบรรทัด_รถมาจากแยกเจริญผล-รถมุ่งหน้_20260831_192531.jpg,0,0.01,0,0,1,1
401,dataset_1072_annotated_coco1.0_1072_ปากซอยจุฬาลงกรณ์-26-ถนนบรรทัด_รถมาจากแยกเจริญผล-รถมุ่งหน้_20260831_195531.jpg,0,0.01,0,0,1,1
402,dataset_1072_annotated_coco1.0_1072_ปากซอยจุฬาลงกรณ์-26-ถนนบรรทัด_รถมาจากแยกเจริญผล-รถมุ่งหน้_20260831_205531.jpg,0,0.01,0,0,1,1
403,dataset_1192_annotated_coco1.0_1192_จุดตัถนนพุทธมณฑลสาย1-ฝั่งขาเ_จุดตัถนนพุทธมณฑลสาย1-ฝั่งขาเ_20260825_060019.jpg,0,0.01,0,0,1,1
404,dataset_1192_annotated_coco1.0_1192_จุดตัถนนพุทธมณฑลสาย1-ฝั่งขาเ_จุดตัถนนพุทธมณฑลสาย1-ฝั่งขาเ_20260825_063511.jpg,0,0.01,0,0,1,1
405,dataset_1192_annotated_coco1.0_1192_จุดตัถนนพุทธมณฑลสาย1-ฝั่งขาเ_จุดตัถนนพุทธมณฑลสาย1-ฝั่งขาเ_20260825_070511.jpg,0,0.01,0,0,1,1
406,dataset_1192_annotated_coco1.0_1192_จุดตัถนนพุทธมณฑลสาย1-ฝั่งขาเ_จุดตัถนนพุทธมณฑลสาย1-ฝั่งขาเ_20260825_073516.jpg,0,0.01,0,0,1,1
407,dataset_1192_annotated_coco1.0_1192_จุดตัถนนพุทธมณฑลสาย1-ฝั่งขาเ_จุดตัถนนพุทธมณฑลสาย1-ฝั่งขาเ_20260825_080513.jpg,0,0.01,0,0,1,1
408,dataset_1192_annotated_coco1.0_1192_จุดตัถนนพุทธมณฑลสาย1-ฝั่งขาเ_จุดตัถนนพุทธมณฑลสาย1-ฝั่งขาเ_20260825_090512.jpg,0,0.01,0,0,1,1
409,dataset_1192_annotated_coco1.0_1192_จุดตัถนนพุทธมณฑลสาย1-ฝั่งขาเ_จุดตัถนนพุทธมณฑลสาย1-ฝั่งขาเ_20260825_093510.jpg,0,0.01,0,0,1,1
410,dataset_1192_annotated_coco1.0_1192_จุดตัถนนพุทธมณฑลสาย1-ฝั่งขาเ_จุดตัถนนพุทธมณฑลสาย1-ฝั่งขาเ_20260825_100510.jpg,0,0.01,0,0,1,1
411,dataset_1192_annotated_coco1.0_1192_จุดตัถนนพุทธมณฑลสาย1-ฝั่งขาเ_จุดตัถนนพุทธมณฑลสาย1-ฝั่งขาเ_20260825_103510.jpg,0,0.01,0,0,1,1
412,dataset_1192_annotated_coco1.0_1192_จุดตัถนนพุทธมณฑลสาย1-ฝั่งขาเ_จุดตัถนนพุทธมณฑลสาย1-ฝั่งขาเ_20260825_110510.jpg,0,0.01,0,0,1,1
413,dataset_1192_annotated_coco1.0_1192_จุดตัถนนพุทธมณฑลสาย1-ฝั่งขาเ_จุดตัถนนพุทธมณฑลสาย1-ฝั่งขาเ_20260825_113513.jpg,0,0.01,0,0,1,1
414,dataset_1192_annotated_coco1.0_1192_จุดตัถนนพุทธมณฑลสาย1-ฝั่งขาเ_จุดตัถนนพุทธมณฑลสาย1-ฝั่งขาเ_20260825_120510.jpg,0,0.01,0,0,1,1
415,dataset_1192_annotated_coco1.0_1192_จุดตัถนนพุทธมณฑลสาย1-ฝั่งขาเ_จุดตัถนนพุทธมณฑลสาย1-ฝั่งขาเ_20260825_123510.jpg,0,0.01,0,0,1,1
416,dataset_1192_annotated_coco1.0_1192_จุดตัถนนพุทธมณฑลสาย1-ฝั่งขาเ_จุดตัถนนพุทธมณฑลสาย1-ฝั่งขาเ_20260825_130515.jpg,0,0.01,0,0,1,1
417,dataset_1192_annotated_coco1.0_1192_จุดตัถนนพุทธมณฑลสาย1-ฝั่งขาเ_จุดตัถนนพุทธมณฑลสาย1-ฝั่งขาเ_20260825_133514.jpg,0,0.01,0,0,1,1
418,dataset_1192_annotated_coco1.0_1192_จุดตัถนนพุทธมณฑลสาย1-ฝั่งขาเ_จุดตัถนนพุทธมณฑลสาย1-ฝั่งขาเ_20260825_140511.jpg,0,0.01,0,0,1,1
419,dataset_1192_annotated_coco1.0_1192_จุดตัถนนพุทธมณฑลสาย1-ฝั่งขาเ_จุดตัถนนพุทธมณฑลสาย1-ฝั่งขาเ_20260825_143511.jpg,0,0.01,0,0,1,1
420,dataset_1192_annotated_coco1.0_1192_จุดตัถนนพุทธมณฑลสาย1-ฝั่งขาเ_จุดตัถนนพุทธมณฑลสาย1-ฝั่งขาเ_20260825_150511.jpg,0,0.01,0,0,1,1
421,dataset_1192_annotated_coco1.0_1192_จุดตัถนนพุทธมณฑลสาย1-ฝั่งขาเ_จุดตัถนนพุทธมณฑลสาย1-ฝั่งขาเ_20260825_153511.jpg,0,0.01,0,0,1,1
422,dataset_1192_annotated_coco1.0_1192_จุดตัถนนพุทธมณฑลสาย1-ฝั่งขาเ_จุดตัถนนพุทธมณฑลสาย1-ฝั่งขาเ_20260825_160511.jpg,0,0.01,0,0,1,1
423,dataset_1192_annotated_coco1.0_1192_จุดตัถนนพุทธมณฑลสาย1-ฝั่งขาเ_จุดตัถนนพุทธมณฑลสาย1-ฝั่งขาเ_20260825_163511.jpg,0,0.01,0,0,1,1
424,dataset_1192_annotated_coco1.0_1192_จุดตัถนนพุทธมณฑลสาย1-ฝั่งขาเ_จุดตัถนนพุทธมณฑลสาย1-ฝั่งขาเ_20260825_170512.jpg,0,0.01,0,0,1,1
425,dataset_1192_annotated_coco1.0_1192_จุดตัถนนพุทธมณฑลสาย1-ฝั่งขาเ_จุดตัถนนพุทธมณฑลสาย1-ฝั่งขาเ_20260825_173512.jpg,0,0.01,0,0,1,1
426,dataset_1192_annotated_coco1.0_1192_จุดตัถนนพุทธมณฑลสาย1-ฝั่งขาเ_จุดตัถนนพุทธมณฑลสาย1-ฝั่งขาเ_20260825_180514.jpg,0,0.01,0,0,1,1
427,dataset_1192_annotated_coco1.0_1192_จุดตัถนนพุทธมณฑลสาย1-ฝั่งขาเ_จุดตัถนนพุทธมณฑลสาย1-ฝั่งขาเ_20260825_183511.jpg,0,0.01,0,0,1,1
428,dataset_1192_annotated_coco1.0_1192_จุดตัถนนพุทธมณฑลสาย1-ฝั่งขาเ_จุดตัถนนพุทธมณฑลสาย1-ฝั่งขาเ_20260825_190511.jpg,0,0.01,0,0,1,1
429,dataset_1192_annotated_coco1.0_1192_จุดตัถนนพุทธมณฑลสาย1-ฝั่งขาเ_จุดตัถนนพุทธมณฑลสาย1-ฝั่งขาเ_20260825_193511.jpg,0,0.01,0,0,1,1
430,dataset_1192_annotated_coco1.0_1192_จุดตัถนนพุทธมณฑลสาย1-ฝั่งขาเ_จุดตัถนนพุทธมณฑลสาย1-ฝั่งขาเ_20260825_200511.jpg,0,0.01,0,0,1,1
431,dataset_1192_annotated_coco1.0_1192_จุดตัถนนพุทธมณฑลสาย1-ฝั่งขาเ_จุดตัถนนพุทธมณฑลสาย1-ฝั่งขาเ_20260825_203511.jpg,0,0.01,0,0,1,1
432,dataset_1192_annotated_coco1.0_1192_จุดตัถนนพุทธมณฑลสาย1-ฝั่งขาเ_จุดตัถนนพุทธมณฑลสาย1-ฝั่งขาเ_20260826_060034.jpg,0,0.01,0,0,1,1
433,dataset_1192_annotated_coco1.0_1192_จุดตัถนนพุทธมณฑลสาย1-ฝั่งขาเ_จุดตัถนนพุทธมณฑลสาย1-ฝั่งขาเ_20260826_063350.jpg,0,0.01,0,0,1,1
434,dataset_1192_annotated_coco1.0_1192_จุดตัถนนพุทธมณฑลสาย1-ฝั่งขาเ_จุดตัถนนพุทธมณฑลสาย1-ฝั่งขาเ_20260826_070526.jpg,0,0.01,0,0,1,1
435,dataset_1192_annotated_coco1.0_1192_จุดตัถนนพุทธมณฑลสาย1-ฝั่งขาเ_จุดตัถนนพุทธมณฑลสาย1-ฝั่งขาเ_20260826_073510.jpg,0,0.01,0,0,1,1
436,dataset_1192_annotated_coco1.0_1192_จุดตัถนนพุทธมณฑลสาย1-ฝั่งขาเ_จุดตัถนนพุทธมณฑลสาย1-ฝั่งขาเ_20260826_080510.jpg,0,0.01,0,0,1,1
437,dataset_1192_annotated_coco1.0_1192_จุดตัถนนพุทธมณฑลสาย1-ฝั่งขาเ_จุดตัถนนพุทธมณฑลสาย1-ฝั่งขาเ_20260826_083510.jpg,0,0.01,0,0,1,1
438,dataset_1192_annotated_coco1.0_1192_จุดตัถนนพุทธมณฑลสาย1-ฝั่งขาเ_จุดตัถนนพุทธมณฑลสาย1-ฝั่งขาเ_20260826_090515.jpg,0,0.01,0,0,1,1
439,dataset_1192_annotated_coco1.0_1192_จุดตัถนนพุทธมณฑลสาย1-ฝั่งขาเ_จุดตัถนนพุทธมณฑลสาย1-ฝั่งขาเ_20260826_093512.jpg,0,0.01,0,0,1,1
440,dataset_1192_annotated_coco1.0_1192_จุดตัถนนพุทธมณฑลสาย1-ฝั่งขาเ_จุดตัถนนพุทธมณฑลสาย1-ฝั่งขาเ_20260826_100511.jpg,0,0.01,0,0,1,1
441,dataset_1192_annotated_coco1.0_1192_จุดตัถนนพุทธมณฑลสาย1-ฝั่งขาเ_จุดตัถนนพุทธมณฑลสาย1-ฝั่งขาเ_20260826_103516.jpg,0,0.01,0,0,1,1
442,dataset_1192_annotated_coco1.0_1192_จุดตัถนนพุทธมณฑลสาย1-ฝั่งขาเ_จุดตัถนนพุทธมณฑลสาย1-ฝั่งขาเ_20260826_110511.jpg,0,0.01,0,0,1,1
443,dataset_1192_annotated_coco1.0_1192_จุดตัถนนพุทธมณฑลสาย1-ฝั่งขาเ_จุดตัถนนพุทธมณฑลสาย1-ฝั่งขาเ_20260826_113510.jpg,0,0.01,0,0,1,1
444,dataset_1192_annotated_coco1.0_1192_จุดตัถนนพุทธมณฑลสาย1-ฝั่งขาเ_จุดตัถนนพุทธมณฑลสาย1-ฝั่งขาเ_20260826_120511.jpg,0,0.01,0,0,1,1
445,dataset_1192_annotated_coco1.0_1192_จุดตัถนนพุทธมณฑลสาย1-ฝั่งขาเ_จุดตัถนนพุทธมณฑลสาย1-ฝั่งขาเ_20260826_123510.jpg,0,0.01,0,0,1,1
446,dataset_1192_annotated_coco1.0_1192_จุดตัถนนพุทธมณฑลสาย1-ฝั่งขาเ_จุดตัถนนพุทธมณฑลสาย1-ฝั่งขาเ_20260826_130511.jpg,0,0.01,0,0,1,1
447,dataset_1192_annotated_coco1.0_1192_จุดตัถนนพุทธมณฑลสาย1-ฝั่งขาเ_จุดตัถนนพุทธมณฑลสาย1-ฝั่งขาเ_20260826_133511.jpg,0,0.01,0,0,1,1
448,dataset_1192_annotated_coco1.0_1192_จุดตัถนนพุทธมณฑลสาย1-ฝั่งขาเ_จุดตัถนนพุทธมณฑลสาย1-ฝั่งขาเ_20260826_140511.jpg,0,0.01,0,0,1,1
449,dataset_1192_annotated_coco1.0_1192_จุดตัถนนพุทธมณฑลสาย1-ฝั่งขาเ_จุดตัถนนพุทธมณฑลสาย1-ฝั่งขาเ_20260826_143511.jpg,0,0.01,0,0,1,1
450,dataset_1192_annotated_coco1.0_1192_จุดตัถนนพุทธมณฑลสาย1-ฝั่งขาเ_จุดตัถนนพุทธมณฑลสาย1-ฝั่งขาเ_20260826_150512.jpg,0,0.01,0,0,1,1
451,dataset_1192_annotated_coco1.0_1192_จุดตัถนนพุทธมณฑลสาย1-ฝั่งขาเ_จุดตัถนนพุทธมณฑลสาย1-ฝั่งขาเ_20260826_153511.jpg,0,0.01,0,0,1,1
452,dataset_1192_annotated_coco1.0_1192_จุดตัถนนพุทธมณฑลสาย1-ฝั่งขาเ_จุดตัถนนพุทธมณฑลสาย1-ฝั่งขาเ_20260826_160511.jpg,0,0.01,0,0,1,1
453,dataset_1192_annotated_coco1.0_1192_จุดตัถนนพุทธมณฑลสาย1-ฝั่งขาเ_จุดตัถนนพุทธมณฑลสาย1-ฝั่งขาเ_20260826_163511.jpg,0,0.01,0,0,1,1
454,dataset_1192_annotated_coco1.0_1192_จุดตัถนนพุทธมณฑลสาย1-ฝั่งขาเ_จุดตัถนนพุทธมณฑลสาย1-ฝั่งขาเ_20260826_170511.jpg,0,0.01,0,0,1,1
455,dataset_1192_annotated_coco1.0_1192_จุดตัถนนพุทธมณฑลสาย1-ฝั่งขาเ_จุดตัถนนพุทธมณฑลสาย1-ฝั่งขาเ_20260826_173512.jpg,0,0.01,0,0,1,1
456,dataset_1192_annotated_coco1.0_1192_จุดตัถนนพุทธมณฑลสาย1-ฝั่งขาเ_จุดตัถนนพุทธมณฑลสาย1-ฝั่งขาเ_20260826_180511.jpg,0,0.01,0,0,1,1
457,dataset_1192_annotated_coco1.0_1192_จุดตัถนนพุทธมณฑลสาย1-ฝั่งขาเ_จุดตัถนนพุทธมณฑลสาย1-ฝั่งขาเ_20260826_183511.jpg,0,0.01,0,0,1,1
458,dataset_1192_annotated_coco1.0_1192_จุดตัถนนพุทธมณฑลสาย1-ฝั่งขาเ_จุดตัถนนพุทธมณฑลสาย1-ฝั่งขาเ_20260826_190511.jpg,0,0.01,0,0,1,1
459,dataset_1192_annotated_coco1.0_1192_จุดตัถนนพุทธมณฑลสาย1-ฝั่งขาเ_จุดตัถนนพุทธมณฑลสาย1-ฝั่งขาเ_20260826_193511.jpg,0,0.01,0,0,1,1
460,dataset_1192_annotated_coco1.0_1192_จุดตัถนนพุทธมณฑลสาย1-ฝั่งขาเ_จุดตัถนนพุทธมณฑลสาย1-ฝั่งขาเ_20260826_200511.jpg,0,0.01,0,0,1,1
461,dataset_1192_annotated_coco1.0_1192_จุดตัถนนพุทธมณฑลสาย1-ฝั่งขาเ_จุดตัถนนพุทธมณฑลสาย1-ฝั่งขาเ_20260826_203511.jpg,0,0.01,0,0,1,1
462,dataset_1192_annotated_coco1.0_1192_จุดตัถนนพุทธมณฑลสาย1-ฝั่งขาเ_จุดตัถนนพุทธมณฑลสาย1-ฝั่งขาเ_20260827_090010.jpg,0,0.01,0,0,1,1
463,dataset_1192_annotated_coco1.0_1192_จุดตัถนนพุทธมณฑลสาย1-ฝั่งขาเ_จุดตัถนนพุทธมณฑลสาย1-ฝั่งขาเ_20260827_093011.jpg,0,0.01,0,0,1,1
464,dataset_1192_annotated_coco1.0_1192_จุดตัถนนพุทธมณฑลสาย1-ฝั่งขาเ_จุดตัถนนพุทธมณฑลสาย1-ฝั่งขาเ_20260827_100015.jpg,0,0.01,0,0,1,1
465,dataset_1192_annotated_coco1.0_1192_จุดตัถนนพุทธมณฑลสาย1-ฝั่งขาเ_จุดตัถนนพุทธมณฑลสาย1-ฝั่งขาเ_20260827_110011.jpg,0,0.01,0,0,1,1
466,dataset_1192_annotated_coco1.0_1192_จุดตัถนนพุทธมณฑลสาย1-ฝั่งขาเ_จุดตัถนนพุทธมณฑลสาย1-ฝั่งขาเ_20260827_113010.jpg,0,0.01,0,0,1,1
467,dataset_1192_annotated_coco1.0_1192_จุดตัถนนพุทธมณฑลสาย1-ฝั่งขาเ_จุดตัถนนพุทธมณฑลสาย1-ฝั่งขาเ_20260827_120010.jpg,0,0.01,0,0,1,1
468,dataset_1192_annotated_coco1.0_1192_จุดตัถนนพุทธมณฑลสาย1-ฝั่งขาเ_จุดตัถนนพุทธมณฑลสาย1-ฝั่งขาเ_20260827_123024.jpg,0,0.01,0,0,1,1
469,dataset_1192_annotated_coco1.0_1192_จุดตัถนนพุทธมณฑลสาย1-ฝั่งขาเ_จุดตัถนนพุทธมณฑลสาย1-ฝั่งขาเ_20260827_130012.jpg,0,0.01,0,0,1,1
470,dataset_1192_annotated_coco1.0_1192_จุดตัถนนพุทธมณฑลสาย1-ฝั่งขาเ_จุดตัถนนพุทธมณฑลสาย1-ฝั่งขาเ_20260827_133011.jpg,0,0.01,0,0,1,1
471,dataset_1192_annotated_coco1.0_1192_จุดตัถนนพุทธมณฑลสาย1-ฝั่งขาเ_จุดตัถนนพุทธมณฑลสาย1-ฝั่งขาเ_20260827_140011.jpg,0,0.01,0,0,1,1
472,dataset_1192_annotated_coco1.0_1192_จุดตัถนนพุทธมณฑลสาย1-ฝั่งขาเ_จุดตัถนนพุทธมณฑลสาย1-ฝั่งขาเ_20260827_143011.jpg,0,0.01,0,0,1,1
473,dataset_1192_annotated_coco1.0_1192_จุดตัถนนพุทธมณฑลสาย1-ฝั่งขาเ_จุดตัถนนพุทธมณฑลสาย1-ฝั่งขาเ_20260827_150011.jpg,0,0.01,0,0,1,1
474,dataset_1192_annotated_coco1.0_1192_จุดตัถนนพุทธมณฑลสาย1-ฝั่งขาเ_จุดตัถนนพุทธมณฑลสาย1-ฝั่งขาเ_20260827_153011.jpg,0,0.01,0,0,1,1
475,dataset_1192_annotated_coco1.0_1192_จุดตัถนนพุทธมณฑลสาย1-ฝั่งขาเ_จุดตัถนนพุทธมณฑลสาย1-ฝั่งขาเ_20260827_160011.jpg,0,0.01,0,0,1,1
476,dataset_1192_annotated_coco1.0_1192_จุดตัถนนพุทธมณฑลสาย1-ฝั่งขาเ_จุดตัถนนพุทธมณฑลสาย1-ฝั่งขาเ_20260827_163011.jpg,0,0.01,0,0,1,1
477,dataset_1192_annotated_coco1.0_1192_จุดตัถนนพุทธมณฑลสาย1-ฝั่งขาเ_จุดตัถนนพุทธมณฑลสาย1-ฝั่งขาเ_20260827_170011.jpg,0,0.01,0,0,1,1
478,dataset_1192_annotated_coco1.0_1192_จุดตัถนนพุทธมณฑลสาย1-ฝั่งขาเ_จุดตัถนนพุทธมณฑลสาย1-ฝั่งขาเ_20260827_173011.jpg,0,0.01,0,0,1,1
479,dataset_1192_annotated_coco1.0_1192_จุดตัถนนพุทธมณฑลสาย1-ฝั่งขาเ_จุดตัถนนพุทธมณฑลสาย1-ฝั่งขาเ_20260827_180012.jpg,0,0.01,0,0,1,1
480,dataset_1192_annotated_coco1.0_1192_จุดตัถนนพุทธมณฑลสาย1-ฝั่งขาเ_จุดตัถนนพุทธมณฑลสาย1-ฝั่งขาเ_20260827_183011.jpg,0,0.01,0,0,1,1
481,dataset_1192_annotated_coco1.0_1192_จุดตัถนนพุทธมณฑลสาย1-ฝั่งขาเ_จุดตัถนนพุทธมณฑลสาย1-ฝั่งขาเ_20260827_190011.jpg,0,0.01,0,0,1,1
482,dataset_1192_annotated_coco1.0_1192_จุดตัถนนพุทธมณฑลสาย1-ฝั่งขาเ_จุดตัถนนพุทธมณฑลสาย1-ฝั่งขาเ_20260827_193011.jpg,0,0.01,0,0,1,1
483,dataset_1192_annotated_coco1.0_1192_จุดตัถนนพุทธมณฑลสาย1-ฝั่งขาเ_จุดตัถนนพุทธมณฑลสาย1-ฝั่งขาเ_20260827_200011.jpg,0,0.01,0,0,1,1
484,dataset_1192_annotated_coco1.0_1192_จุดตัถนนพุทธมณฑลสาย1-ฝั่งขาเ_จุดตัถนนพุทธมณฑลสาย1-ฝั่งขาเ_20260827_203011.jpg,0,0.01,0,0,1,1
485,dataset_1192_annotated_coco1.0_1192_จุดตัถนนพุทธมณฑลสาย1-ฝั่งขาเ_จุดตัถนนพุทธมณฑลสาย1-ฝั่งขาเ_20260827_210011.jpg,0,0.01,0,0,1,1
486,dataset_1192_annotated_coco1.0_1192_จุดตัถนนพุทธมณฑลสาย1-ฝั่งขาเ_จุดตัถนนพุทธมณฑลสาย1-ฝั่งขาเ_20260828_062510.jpg,0,0.01,0,0,1,1
487,dataset_1192_annotated_coco1.0_1192_จุดตัถนนพุทธมณฑลสาย1-ฝั่งขาเ_จุดตัถนนพุทธมณฑลสาย1-ฝั่งขาเ_20260828_065510.jpg,0,0.01,0,0,1,1
488,dataset_1192_annotated_coco1.0_1192_จุดตัถนนพุทธมณฑลสาย1-ฝั่งขาเ_จุดตัถนนพุทธมณฑลสาย1-ฝั่งขาเ_20260828_072510.jpg,0,0.01,0,0,1,1
489,dataset_1192_annotated_coco1.0_1192_จุดตัถนนพุทธมณฑลสาย1-ฝั่งขาเ_จุดตัถนนพุทธมณฑลสาย1-ฝั่งขาเ_20260828_082510.jpg,0,0.01,0,0,1,1
490,dataset_1192_annotated_coco1.0_1192_จุดตัถนนพุทธมณฑลสาย1-ฝั่งขาเ_จุดตัถนนพุทธมณฑลสาย1-ฝั่งขาเ_20260828_085510.jpg,0,0.01,0,0,1,1
491,dataset_1192_annotated_coco1.0_1192_จุดตัถนนพุทธมณฑลสาย1-ฝั่งขาเ_จุดตัถนนพุทธมณฑลสาย1-ฝั่งขาเ_20260828_092513.jpg,0,0.01,0,0,1,1
492,dataset_1192_annotated_coco1.0_1192_จุดตัถนนพุทธมณฑลสาย1-ฝั่งขาเ_จุดตัถนนพุทธมณฑลสาย1-ฝั่งขาเ_20260828_095512.jpg,0,0.01,0,0,1,1
493,dataset_1192_annotated_coco1.0_1192_จุดตัถนนพุทธมณฑลสาย1-ฝั่งขาเ_จุดตัถนนพุทธมณฑลสาย1-ฝั่งขาเ_20260828_102514.jpg,0,0.01,0,0,1,1
494,dataset_1192_annotated_coco1.0_1192_จุดตัถนนพุทธมณฑลสาย1-ฝั่งขาเ_จุดตัถนนพุทธมณฑลสาย1-ฝั่งขาเ_20260828_105512.jpg,0,0.01,0,0,1,1
495,dataset_1192_annotated_coco1.0_1192_จุดตัถนนพุทธมณฑลสาย1-ฝั่งขาเ_จุดตัถนนพุทธมณฑลสาย1-ฝั่งขาเ_20260828_112511.jpg,0,0.01,0,0,1,1
496,dataset_1192_annotated_coco1.0_1192_จุดตัถนนพุทธมณฑลสาย1-ฝั่งขาเ_จุดตัถนนพุทธมณฑลสาย1-ฝั่งขาเ_20260828_115513.jpg,0,0.01,0,0,1,1
497,dataset_1192_annotated_coco1.0_1192_จุดตัถนนพุทธมณฑลสาย1-ฝั่งขาเ_จุดตัถนนพุทธมณฑลสาย1-ฝั่งขาเ_20260828_122512.jpg,0,0.01,0,0,1,1
498,dataset_1192_annotated_coco1.0_1192_จุดตัถนนพุทธมณฑลสาย1-ฝั่งขาเ_จุดตัถนนพุทธมณฑลสาย1-ฝั่งขาเ_20260828_125512.jpg,0,0.01,0,0,1,1
499,dataset_1192_annotated_coco1.0_1192_จุดตัถนนพุทธมณฑลสาย1-ฝั่งขาเ_จุดตัถนนพุทธมณฑลสาย1-ฝั่งขาเ_20260828_132541.jpg,0,0.01,0,0,1,1
500,dataset_1192_annotated_coco1.0_1192_จุดตัถนนพุทธมณฑลสาย1-ฝั่งขาเ_จุดตัถนนพุทธมณฑลสาย1-ฝั่งขาเ_20260828_135511.jpg,0,0.01,0,0,1,1
501,dataset_1192_annotated_coco1.0_1192_จุดตัถนนพุทธมณฑลสาย1-ฝั่งขาเ_จุดตัถนนพุทธมณฑลสาย1-ฝั่งขาเ_20260828_142511.jpg,0,0.01,0,0,1,1
502,dataset_1192_annotated_coco1.0_1192_จุดตัถนนพุทธมณฑลสาย1-ฝั่งขาเ_จุดตัถนนพุทธมณฑลสาย1-ฝั่งขาเ_20260828_145511.jpg,0,0.01,0,0,1,1
503,dataset_1192_annotated_coco1.0_1192_จุดตัถนนพุทธมณฑลสาย1-ฝั่งขาเ_จุดตัถนนพุทธมณฑลสาย1-ฝั่งขาเ_20260828_152511.jpg,0,0.01,0,0,1,1
504,dataset_1192_annotated_coco1.0_1192_จุดตัถนนพุทธมณฑลสาย1-ฝั่งขาเ_จุดตัถนนพุทธมณฑลสาย1-ฝั่งขาเ_20260828_155511.jpg,0,0.01,0,0,1,1
505,dataset_1192_annotated_coco1.0_1192_จุดตัถนนพุทธมณฑลสาย1-ฝั่งขาเ_จุดตัถนนพุทธมณฑลสาย1-ฝั่งขาเ_20260828_162511.jpg,0,0.01,0,0,1,1
506,dataset_1192_annotated_coco1.0_1192_จุดตัถนนพุทธมณฑลสาย1-ฝั่งขาเ_จุดตัถนนพุทธมณฑลสาย1-ฝั่งขาเ_20260828_165511.jpg,0,0.01,0,0,1,1
507,dataset_1192_annotated_coco1.0_1192_จุดตัถนนพุทธมณฑลสาย1-ฝั่งขาเ_จุดตัถนนพุทธมณฑลสาย1-ฝั่งขาเ_20260828_172511.jpg,0,0.01,0,0,1,1
508,dataset_1192_annotated_coco1.0_1192_จุดตัถนนพุทธมณฑลสาย1-ฝั่งขาเ_จุดตัถนนพุทธมณฑลสาย1-ฝั่งขาเ_20260828_175511.jpg,0,0.01,0,0,1,1
509,dataset_1192_annotated_coco1.0_1192_จุดตัถนนพุทธมณฑลสาย1-ฝั่งขาเ_จุดตัถนนพุทธมณฑลสาย1-ฝั่งขาเ_20260828_182511.jpg,0,0.01,0,0,1,1
510,dataset_1192_annotated_coco1.0_1192_จุดตัถนนพุทธมณฑลสาย1-ฝั่งขาเ_จุดตัถนนพุทธมณฑลสาย1-ฝั่งขาเ_20260828_185513.jpg,0,0.01,0,0,1,1
511,dataset_1192_annotated_coco1.0_1192_จุดตัถนนพุทธมณฑลสาย1-ฝั่งขาเ_จุดตัถนนพุทธมณฑลสาย1-ฝั่งขาเ_20260828_192511.jpg,0,0.01,0,0,1,1
512,dataset_1192_annotated_coco1.0_1192_จุดตัถนนพุทธมณฑลสาย1-ฝั่งขาเ_จุดตัถนนพุทธมณฑลสาย1-ฝั่งขาเ_20260828_195511.jpg,0,0.01,0,0,1,1
513,dataset_1192_annotated_coco1.0_1192_จุดตัถนนพุทธมณฑลสาย1-ฝั่งขาเ_จุดตัถนนพุทธมณฑลสาย1-ฝั่งขาเ_20260828_202513.jpg,0,0.01,0,0,1,1
514,dataset_1192_annotated_coco1.0_1192_จุดตัถนนพุทธมณฑลสาย1-ฝั่งขาเ_จุดตัถนนพุทธมณฑลสาย1-ฝั่งขาเ_20260828_205513.jpg,0,0.01,0,0,1,1
515,dataset_1192_annotated_coco1.0_1192_จุดตัถนนพุทธมณฑลสาย1-ฝั่งขาเ_จุดตัถนนพุทธมณฑลสาย1-ฝั่งขาเ_20260829_062510.jpg,0,0.01,0,0,1,1
516,dataset_1192_annotated_coco1.0_1192_จุดตัถนนพุทธมณฑลสาย1-ฝั่งขาเ_จุดตัถนนพุทธมณฑลสาย1-ฝั่งขาเ_20260829_065511.jpg,0,0.01,0,0,1,1
517,dataset_1192_annotated_coco1.0_1192_จุดตัถนนพุทธมณฑลสาย1-ฝั่งขาเ_จุดตัถนนพุทธมณฑลสาย1-ฝั่งขาเ_20260829_072510.jpg,0,0.01,0,0,1,1
518,dataset_1192_annotated_coco1.0_1192_จุดตัถนนพุทธมณฑลสาย1-ฝั่งขาเ_จุดตัถนนพุทธมณฑลสาย1-ฝั่งขาเ_20260829_082510.jpg,0,0.01,0,0,1,1
519,dataset_1192_annotated_coco1.0_1192_จุดตัถนนพุทธมณฑลสาย1-ฝั่งขาเ_จุดตัถนนพุทธมณฑลสาย1-ฝั่งขาเ_20260829_085510.jpg,0,0.01,0,0,1,1
520,dataset_1192_annotated_coco1.0_1192_จุดตัถนนพุทธมณฑลสาย1-ฝั่งขาเ_จุดตัถนนพุทธมณฑลสาย1-ฝั่งขาเ_20260829_092510.jpg,0,0.01,0,0,1,1
521,dataset_1192_annotated_coco1.0_1192_จุดตัถนนพุทธมณฑลสาย1-ฝั่งขาเ_จุดตัถนนพุทธมณฑลสาย1-ฝั่งขาเ_20260829_095510.jpg,0,0.01,0,0,1,1
522,dataset_1192_annotated_coco1.0_1192_จุดตัถนนพุทธมณฑลสาย1-ฝั่งขาเ_จุดตัถนนพุทธมณฑลสาย1-ฝั่งขาเ_20260829_102510.jpg,0,0.01,0,0,1,1
523,dataset_1192_annotated_coco1.0_1192_จุดตัถนนพุทธมณฑลสาย1-ฝั่งขาเ_จุดตัถนนพุทธมณฑลสาย1-ฝั่งขาเ_20260829_105510.jpg,0,0.01,0,0,1,1
524,dataset_1192_annotated_coco1.0_1192_จุดตัถนนพุทธมณฑลสาย1-ฝั่งขาเ_จุดตัถนนพุทธมณฑลสาย1-ฝั่งขาเ_20260829_112515.jpg,0,0.01,0,0,1,1
525,dataset_1192_annotated_coco1.0_1192_จุดตัถนนพุทธมณฑลสาย1-ฝั่งขาเ_จุดตัถนนพุทธมณฑลสาย1-ฝั่งขาเ_20260829_115511.jpg,0,0.01,0,0,1,1
526,dataset_1192_annotated_coco1.0_1192_จุดตัถนนพุทธมณฑลสาย1-ฝั่งขาเ_จุดตัถนนพุทธมณฑลสาย1-ฝั่งขาเ_20260829_122510.jpg,0,0.01,0,0,1,1
527,dataset_1192_annotated_coco1.0_1192_จุดตัถนนพุทธมณฑลสาย1-ฝั่งขาเ_จุดตัถนนพุทธมณฑลสาย1-ฝั่งขาเ_20260829_125511.jpg,0,0.01,0,0,1,1
528,dataset_1192_annotated_coco1.0_1192_จุดตัถนนพุทธมณฑลสาย1-ฝั่งขาเ_จุดตัถนนพุทธมณฑลสาย1-ฝั่งขาเ_20260829_132511.jpg,0,0.01,0,0,1,1
529,dataset_1192_annotated_coco1.0_1192_จุดตัถนนพุทธมณฑลสาย1-ฝั่งขาเ_จุดตัถนนพุทธมณฑลสาย1-ฝั่งขาเ_20260829_135511.jpg,0,0.01,0,0,1,1
530,dataset_1192_annotated_coco1.0_1192_จุดตัถนนพุทธมณฑลสาย1-ฝั่งขาเ_จุดตัถนนพุทธมณฑลสาย1-ฝั่งขาเ_20260829_142511.jpg,0,0.01,0,0,1,1
531,dataset_1192_annotated_coco1.0_1192_จุดตัถนนพุทธมณฑลสาย1-ฝั่งขาเ_จุดตัถนนพุทธมณฑลสาย1-ฝั่งขาเ_20260829_145511.jpg,0,0.01,0,0,1,1
532,dataset_1192_annotated_coco1.0_1192_จุดตัถนนพุทธมณฑลสาย1-ฝั่งขาเ_จุดตัถนนพุทธมณฑลสาย1-ฝั่งขาเ_20260829_152511.jpg,0,0.01,0,0,1,1
533,dataset_1192_annotated_coco1.0_1192_จุดตัถนนพุทธมณฑลสาย1-ฝั่งขาเ_จุดตัถนนพุทธมณฑลสาย1-ฝั่งขาเ_20260829_155511.jpg,0,0.01,0,0,1,1
534,dataset_1192_annotated_coco1.0_1192_จุดตัถนนพุทธมณฑลสาย1-ฝั่งขาเ_จุดตัถนนพุทธมณฑลสาย1-ฝั่งขาเ_20260829_162511.jpg,0,0.01,0,0,1,1
535,dataset_1192_annotated_coco1.0_1192_จุดตัถนนพุทธมณฑลสาย1-ฝั่งขาเ_จุดตัถนนพุทธมณฑลสาย1-ฝั่งขาเ_20260829_165512.jpg,0,0.01,0,0,1,1
536,dataset_1192_annotated_coco1.0_1192_จุดตัถนนพุทธมณฑลสาย1-ฝั่งขาเ_จุดตัถนนพุทธมณฑลสาย1-ฝั่งขาเ_20260829_172511.jpg,0,0.01,0,0,1,1
537,dataset_1192_annotated_coco1.0_1192_จุดตัถนนพุทธมณฑลสาย1-ฝั่งขาเ_จุดตัถนนพุทธมณฑลสาย1-ฝั่งขาเ_20260829_175511.jpg,0,0.01,0,0,1,1
538,dataset_1192_annotated_coco1.0_1192_จุดตัถนนพุทธมณฑลสาย1-ฝั่งขาเ_จุดตัถนนพุทธมณฑลสาย1-ฝั่งขาเ_20260829_182511.jpg,0,0.01,0,0,1,1
539,dataset_1192_annotated_coco1.0_1192_จุดตัถนนพุทธมณฑลสาย1-ฝั่งขาเ_จุดตัถนนพุทธมณฑลสาย1-ฝั่งขาเ_20260829_185511.jpg,0,0.01,0,0,1,1
540,dataset_1192_annotated_coco1.0_1192_จุดตัถนนพุทธมณฑลสาย1-ฝั่งขาเ_จุดตัถนนพุทธมณฑลสาย1-ฝั่งขาเ_20260829_192513.jpg,0,0.01,0,0,1,1
541,dataset_1192_annotated_coco1.0_1192_จุดตัถนนพุทธมณฑลสาย1-ฝั่งขาเ_จุดตัถนนพุทธมณฑลสาย1-ฝั่งขาเ_20260829_195514.jpg,0,0.01,0,0,1,1
542,dataset_1192_annotated_coco1.0_1192_จุดตัถนนพุทธมณฑลสาย1-ฝั่งขาเ_จุดตัถนนพุทธมณฑลสาย1-ฝั่งขาเ_20260829_202513.jpg,0,0.01,0,0,1,1
543,dataset_1192_annotated_coco1.0_1192_จุดตัถนนพุทธมณฑลสาย1-ฝั่งขาเ_จุดตัถนนพุทธมณฑลสาย1-ฝั่งขาเ_20260829_205511.jpg,0,0.01,0,0,1,1
544,dataset_1192_annotated_coco1.0_1192_จุดตัถนนพุทธมณฑลสาย1-ฝั่งขาเ_จุดตัถนนพุทธมณฑลสาย1-ฝั่งขาเ_20260830_062010.jpg,0,0.01,0,0,1,1
545,dataset_1192_annotated_coco1.0_1192_จุดตัถนนพุทธมณฑลสาย1-ฝั่งขาเ_จุดตัถนนพุทธมณฑลสาย1-ฝั่งขาเ_20260830_065013.jpg,0,0.01,0,0,1,1
546,dataset_1192_annotated_coco1.0_1192_จุดตัถนนพุทธมณฑลสาย1-ฝั่งขาเ_จุดตัถนนพุทธมณฑลสาย1-ฝั่งขาเ_20260830_072010.jpg,0,0.01,0,0,1,1
547,dataset_1192_annotated_coco1.0_1192_จุดตัถนนพุทธมณฑลสาย1-ฝั่งขาเ_จุดตัถนนพุทธมณฑลสาย1-ฝั่งขาเ_20260830_075010.jpg,0,0.01,0,0,1,1
548,dataset_1192_annotated_coco1.0_1192_จุดตัถนนพุทธมณฑลสาย1-ฝั่งขาเ_จุดตัถนนพุทธมณฑลสาย1-ฝั่งขาเ_20260830_082010.jpg,0,0.01,0,0,1,1
549,dataset_1192_annotated_coco1.0_1192_จุดตัถนนพุทธมณฑลสาย1-ฝั่งขาเ_จุดตัถนนพุทธมณฑลสาย1-ฝั่งขาเ_20260830_085010.jpg,0,0.01,0,0,1,1
550,dataset_1192_annotated_coco1.0_1192_จุดตัถนนพุทธมณฑลสาย1-ฝั่งขาเ_จุดตัถนนพุทธมณฑลสาย1-ฝั่งขาเ_20260830_092013.jpg,0,0.01,0,0,1,1
551,dataset_1192_annotated_coco1.0_1192_จุดตัถนนพุทธมณฑลสาย1-ฝั่งขาเ_จุดตัถนนพุทธมณฑลสาย1-ฝั่งขาเ_20260830_095013.jpg,0,0.01,0,0,1,1
552,dataset_1192_annotated_coco1.0_1192_จุดตัถนนพุทธมณฑลสาย1-ฝั่งขาเ_จุดตัถนนพุทธมณฑลสาย1-ฝั่งขาเ_20260830_102013.jpg,0,0.01,0,0,1,1
553,dataset_1192_annotated_coco1.0_1192_จุดตัถนนพุทธมณฑลสาย1-ฝั่งขาเ_จุดตัถนนพุทธมณฑลสาย1-ฝั่งขาเ_20260830_105013.jpg,0,0.01,0,0,1,1
554,dataset_1192_annotated_coco1.0_1192_จุดตัถนนพุทธมณฑลสาย1-ฝั่งขาเ_จุดตัถนนพุทธมณฑลสาย1-ฝั่งขาเ_20260830_112011.jpg,0,0.01,0,0,1,1
555,dataset_1192_annotated_coco1.0_1192_จุดตัถนนพุทธมณฑลสาย1-ฝั่งขาเ_จุดตัถนนพุทธมณฑลสาย1-ฝั่งขาเ_20260830_115010.jpg,0,0.01,0,0,1,1
556,dataset_1192_annotated_coco1.0_1192_จุดตัถนนพุทธมณฑลสาย1-ฝั่งขาเ_จุดตัถนนพุทธมณฑลสาย1-ฝั่งขาเ_20260830_122010.jpg,0,0.01,0,0,1,1
557,dataset_1192_annotated_coco1.0_1192_จุดตัถนนพุทธมณฑลสาย1-ฝั่งขาเ_จุดตัถนนพุทธมณฑลสาย1-ฝั่งขาเ_20260830_125011.jpg,0,0.01,0,0,1,1
558,dataset_1192_annotated_coco1.0_1192_จุดตัถนนพุทธมณฑลสาย1-ฝั่งขาเ_จุดตัถนนพุทธมณฑลสาย1-ฝั่งขาเ_20260830_132011.jpg,0,0.01,0,0,1,1
559,dataset_1192_annotated_coco1.0_1192_จุดตัถนนพุทธมณฑลสาย1-ฝั่งขาเ_จุดตัถนนพุทธมณฑลสาย1-ฝั่งขาเ_20260830_135011.jpg,0,0.01,0,0,1,1
560,dataset_1192_annotated_coco1.0_1192_จุดตัถนนพุทธมณฑลสาย1-ฝั่งขาเ_จุดตัถนนพุทธมณฑลสาย1-ฝั่งขาเ_20260830_142012.jpg,0,0.01,0,0,1,1
561,dataset_1192_annotated_coco1.0_1192_จุดตัถนนพุทธมณฑลสาย1-ฝั่งขาเ_จุดตัถนนพุทธมณฑลสาย1-ฝั่งขาเ_20260830_145011.jpg,0,0.01,0,0,1,1
562,dataset_1192_annotated_coco1.0_1192_จุดตัถนนพุทธมณฑลสาย1-ฝั่งขาเ_จุดตัถนนพุทธมณฑลสาย1-ฝั่งขาเ_20260830_152011.jpg,0,0.01,0,0,1,1
563,dataset_1192_annotated_coco1.0_1192_จุดตัถนนพุทธมณฑลสาย1-ฝั่งขาเ_จุดตัถนนพุทธมณฑลสาย1-ฝั่งขาเ_20260830_155012.jpg,0,0.01,0,0,1,1
564,dataset_1192_annotated_coco1.0_1192_จุดตัถนนพุทธมณฑลสาย1-ฝั่งขาเ_จุดตัถนนพุทธมณฑลสาย1-ฝั่งขาเ_20260830_162012.jpg,0,0.01,0,0,1,1
565,dataset_1192_annotated_coco1.0_1192_จุดตัถนนพุทธมณฑลสาย1-ฝั่งขาเ_จุดตัถนนพุทธมณฑลสาย1-ฝั่งขาเ_20260830_165011.jpg,0,0.01,0,0,1,1
566,dataset_1192_annotated_coco1.0_1192_จุดตัถนนพุทธมณฑลสาย1-ฝั่งขาเ_จุดตัถนนพุทธมณฑลสาย1-ฝั่งขาเ_20260830_172011.jpg,0,0.01,0,0,1,1
567,dataset_1192_annotated_coco1.0_1192_จุดตัถนนพุทธมณฑลสาย1-ฝั่งขาเ_จุดตัถนนพุทธมณฑลสาย1-ฝั่งขาเ_20260830_175011.jpg,0,0.01,0,0,1,1
568,dataset_1192_annotated_coco1.0_1192_จุดตัถนนพุทธมณฑลสาย1-ฝั่งขาเ_จุดตัถนนพุทธมณฑลสาย1-ฝั่งขาเ_20260830_182011.jpg,0,0.01,0,0,1,1
569,dataset_1192_annotated_coco1.0_1192_จุดตัถนนพุทธมณฑลสาย1-ฝั่งขาเ_จุดตัถนนพุทธมณฑลสาย1-ฝั่งขาเ_20260830_185012.jpg,0,0.01,0,0,1,1
570,dataset_1192_annotated_coco1.0_1192_จุดตัถนนพุทธมณฑลสาย1-ฝั่งขาเ_จุดตัถนนพุทธมณฑลสาย1-ฝั่งขาเ_20260830_192011.jpg,0,0.01,0,0,1,1
571,dataset_1192_annotated_coco1.0_1192_จุดตัถนนพุทธมณฑลสาย1-ฝั่งขาเ_จุดตัถนนพุทธมณฑลสาย1-ฝั่งขาเ_20260830_195011.jpg,0,0.01,0,0,1,1
572,dataset_1192_annotated_coco1.0_1192_จุดตัถนนพุทธมณฑลสาย1-ฝั่งขาเ_จุดตัถนนพุทธมณฑลสาย1-ฝั่งขาเ_20260830_202011.jpg,0,0.01,0,0,1,1
573,dataset_1192_annotated_coco1.0_1192_จุดตัถนนพุทธมณฑลสาย1-ฝั่งขาเ_จุดตัถนนพุทธมณฑลสาย1-ฝั่งขาเ_20260830_205011.jpg,0,0.01,0,0,1,1
574,dataset_1192_annotated_coco1.0_1192_จุดตัถนนพุทธมณฑลสาย1-ฝั่งขาเ_จุดตัถนนพุทธมณฑลสาย1-ฝั่งขาเ_20260831_061510.jpg,0,0.01,0,0,1,1
575,dataset_1192_annotated_coco1.0_1192_จุดตัถนนพุทธมณฑลสาย1-ฝั่งขาเ_จุดตัถนนพุทธมณฑลสาย1-ฝั่งขาเ_20260831_064510.jpg,0,0.01,0,0,1,1
576,dataset_1192_annotated_coco1.0_1192_จุดตัถนนพุทธมณฑลสาย1-ฝั่งขาเ_จุดตัถนนพุทธมณฑลสาย1-ฝั่งขาเ_20260831_071510.jpg,0,0.01,0,0,1,1
577,dataset_1192_annotated_coco1.0_1192_จุดตัถนนพุทธมณฑลสาย1-ฝั่งขาเ_จุดตัถนนพุทธมณฑลสาย1-ฝั่งขาเ_20260831_074510.jpg,0,0.01,0,0,1,1
578,dataset_1192_annotated_coco1.0_1192_จุดตัถนนพุทธมณฑลสาย1-ฝั่งขาเ_จุดตัถนนพุทธมณฑลสาย1-ฝั่งขาเ_20260831_081511.jpg,0,0.01,0,0,1,1
579,dataset_1192_annotated_coco1.0_1192_จุดตัถนนพุทธมณฑลสาย1-ฝั่งขาเ_จุดตัถนนพุทธมณฑลสาย1-ฝั่งขาเ_20260831_084510.jpg,0,0.01,0,0,1,1
580,dataset_1192_annotated_coco1.0_1192_จุดตัถนนพุทธมณฑลสาย1-ฝั่งขาเ_จุดตัถนนพุทธมณฑลสาย1-ฝั่งขาเ_20260831_091510.jpg,0,0.01,0,0,1,1
581,dataset_1192_annotated_coco1.0_1192_จุดตัถนนพุทธมณฑลสาย1-ฝั่งขาเ_จุดตัถนนพุทธมณฑลสาย1-ฝั่งขาเ_20260831_094510.jpg,0,0.01,0,0,1,1
582,dataset_1192_annotated_coco1.0_1192_จุดตัถนนพุทธมณฑลสาย1-ฝั่งขาเ_จุดตัถนนพุทธมณฑลสาย1-ฝั่งขาเ_20260831_101510.jpg,0,0.01,0,0,1,1
583,dataset_1192_annotated_coco1.0_1192_จุดตัถนนพุทธมณฑลสาย1-ฝั่งขาเ_จุดตัถนนพุทธมณฑลสาย1-ฝั่งขาเ_20260831_104510.jpg,0,0.01,0,0,1,1
584,dataset_1192_annotated_coco1.0_1192_จุดตัถนนพุทธมณฑลสาย1-ฝั่งขาเ_จุดตัถนนพุทธมณฑลสาย1-ฝั่งขาเ_20260831_111511.jpg,0,0.01,0,0,1,1
585,dataset_1192_annotated_coco1.0_1192_จุดตัถนนพุทธมณฑลสาย1-ฝั่งขาเ_จุดตัถนนพุทธมณฑลสาย1-ฝั่งขาเ_20260831_114510.jpg,0,0.01,0,0,1,1
586,dataset_1192_annotated_coco1.0_1192_จุดตัถนนพุทธมณฑลสาย1-ฝั่งขาเ_จุดตัถนนพุทธมณฑลสาย1-ฝั่งขาเ_20260831_121510.jpg,0,0.01,0,0,1,1
587,dataset_1192_annotated_coco1.0_1192_จุดตัถนนพุทธมณฑลสาย1-ฝั่งขาเ_จุดตัถนนพุทธมณฑลสาย1-ฝั่งขาเ_20260831_124511.jpg,0,0.01,0,0,1,1
588,dataset_1192_annotated_coco1.0_1192_จุดตัถนนพุทธมณฑลสาย1-ฝั่งขาเ_จุดตัถนนพุทธมณฑลสาย1-ฝั่งขาเ_20260831_131511.jpg,0,0.01,0,0,1,1
589,dataset_1192_annotated_coco1.0_1192_จุดตัถนนพุทธมณฑลสาย1-ฝั่งขาเ_จุดตัถนนพุทธมณฑลสาย1-ฝั่งขาเ_20260831_134511.jpg,0,0.01,0,0,1,1
590,dataset_1192_annotated_coco1.0_1192_จุดตัถนนพุทธมณฑลสาย1-ฝั่งขาเ_จุดตัถนนพุทธมณฑลสาย1-ฝั่งขาเ_20260831_141511.jpg,0,0.01,0,0,1,1
591,dataset_1192_annotated_coco1.0_1192_จุดตัถนนพุทธมณฑลสาย1-ฝั่งขาเ_จุดตัถนนพุทธมณฑลสาย1-ฝั่งขาเ_20260831_144511.jpg,0,0.01,0,0,1,1
592,dataset_1192_annotated_coco1.0_1192_จุดตัถนนพุทธมณฑลสาย1-ฝั่งขาเ_จุดตัถนนพุทธมณฑลสาย1-ฝั่งขาเ_20260831_151512.jpg,0,0.01,0,0,1,1
593,dataset_1192_annotated_coco1.0_1192_จุดตัถนนพุทธมณฑลสาย1-ฝั่งขาเ_จุดตัถนนพุทธมณฑลสาย1-ฝั่งขาเ_20260831_154616.jpg,0,0.01,0,0,1,1
594,dataset_1192_annotated_coco1.0_1192_จุดตัถนนพุทธมณฑลสาย1-ฝั่งขาเ_จุดตัถนนพุทธมณฑลสาย1-ฝั่งขาเ_20260831_161511.jpg,0,0.01,0,0,1,1
595,dataset_1192_annotated_coco1.0_1192_จุดตัถนนพุทธมณฑลสาย1-ฝั่งขาเ_จุดตัถนนพุทธมณฑลสาย1-ฝั่งขาเ_20260831_164511.jpg,0,0.01,0,0,1,1
596,dataset_1192_annotated_coco1.0_1192_จุดตัถนนพุทธมณฑลสาย1-ฝั่งขาเ_จุดตัถนนพุทธมณฑลสาย1-ฝั่งขาเ_20260831_171511.jpg,0,0.01,0,0,1,1
597,dataset_1192_annotated_coco1.0_1192_จุดตัถนนพุทธมณฑลสาย1-ฝั่งขาเ_จุดตัถนนพุทธมณฑลสาย1-ฝั่งขาเ_20260831_174511.jpg,0,0.01,0,0,1,1
598,dataset_1192_annotated_coco1.0_1192_จุดตัถนนพุทธมณฑลสาย1-ฝั่งขาเ_จุดตัถนนพุทธมณฑลสาย1-ฝั่งขาเ_20260831_181512.jpg,0,0.01,0,0,1,1
599,dataset_1192_annotated_coco1.0_1192_จุดตัถนนพุทธมณฑลสาย1-ฝั่งขาเ_จุดตัถนนพุทธมณฑลสาย1-ฝั่งขาเ_20260831_184512.jpg,0,0.01,0,0,1,1
600,dataset_1192_annotated_coco1.0_1192_จุดตัถนนพุทธมณฑลสาย1-ฝั่งขาเ_จุดตัถนนพุทธมณฑลสาย1-ฝั่งขาเ_20260831_191511.jpg,0,0.01,0,0,1,1
601,dataset_1192_annotated_coco1.0_1192_จุดตัถนนพุทธมณฑลสาย1-ฝั่งขาเ_จุดตัถนนพุทธมณฑลสาย1-ฝั่งขาเ_20260831_194512.jpg,0,0.01,0,0,1,1
602,dataset_1192_annotated_coco1.0_1192_จุดตัถนนพุทธมณฑลสาย1-ฝั่งขาเ_จุดตัถนนพุทธมณฑลสาย1-ฝั่งขาเ_20260831_201512.jpg,0,0.01,0,0,1,1
603,dataset_1192_annotated_coco1.0_1192_จุดตัถนนพุทธมณฑลสาย1-ฝั่งขาเ_จุดตัถนนพุทธมณฑลสาย1-ฝั่งขาเ_20260831_204511.jpg,0,0.01,0,0,1,1
604,dataset_1439_annotated_coco1.0_1439_หน้าปากซอยแม้นศรี-2_หน้าปากซอยแม้นศรี-2_20260825_063624.jpg,0,0.01,0,0,1,1
605,dataset_1439_annotated_coco1.0_1439_หน้าปากซอยแม้นศรี-2_หน้าปากซอยแม้นศรี-2_20260825_070621.jpg,0,0.01,0,0,1,1
606,dataset_1439_annotated_coco1.0_1439_หน้าปากซอยแม้นศรี-2_หน้าปากซอยแม้นศรี-2_20260825_074122.jpg,0,0.01,0,0,1,1
607,dataset_1439_annotated_coco1.0_1439_หน้าปากซอยแม้นศรี-2_หน้าปากซอยแม้นศรี-2_20260825_081122.jpg,0,0.01,0,0,1,1
608,dataset_1439_annotated_coco1.0_1439_หน้าปากซอยแม้นศรี-2_หน้าปากซอยแม้นศรี-2_20260825_084646.jpg,0,0.01,0,0,1,1
609,dataset_1439_annotated_coco1.0_1439_หน้าปากซอยแม้นศรี-2_หน้าปากซอยแม้นศรี-2_20260825_091621.jpg,0,0.01,0,0,1,1
610,dataset_1439_annotated_coco1.0_1439_หน้าปากซอยแม้นศรี-2_หน้าปากซอยแม้นศรี-2_20260825_094621.jpg,0,0.01,0,0,1,1
611,dataset_1439_annotated_coco1.0_1439_หน้าปากซอยแม้นศรี-2_หน้าปากซอยแม้นศรี-2_20260825_101621.jpg,0,0.01,0,0,1,1
612,dataset_1439_annotated_coco1.0_1439_หน้าปากซอยแม้นศรี-2_หน้าปากซอยแม้นศรี-2_20260825_104621.jpg,0,0.01,0,0,1,1
613,dataset_1439_annotated_coco1.0_1439_หน้าปากซอยแม้นศรี-2_หน้าปากซอยแม้นศรี-2_20260825_111621.jpg,0,0.01,0,0,1,1
614,dataset_1439_annotated_coco1.0_1439_หน้าปากซอยแม้นศรี-2_หน้าปากซอยแม้นศรี-2_20260825_114621.jpg,0,0.01,0,0,1,1
615,dataset_1439_annotated_coco1.0_1439_หน้าปากซอยแม้นศรี-2_หน้าปากซอยแม้นศรี-2_20260825_121621.jpg,0,0.01,0,0,1,1
616,dataset_1439_annotated_coco1.0_1439_หน้าปากซอยแม้นศรี-2_หน้าปากซอยแม้นศรี-2_20260825_124622.jpg,0,0.01,0,0,1,1
617,dataset_1439_annotated_coco1.0_1439_หน้าปากซอยแม้นศรี-2_หน้าปากซอยแม้นศรี-2_20260825_131623.jpg,0,0.01,0,0,1,1
618,dataset_1439_annotated_coco1.0_1439_หน้าปากซอยแม้นศรี-2_หน้าปากซอยแม้นศรี-2_20260825_134622.jpg,0,0.01,0,0,1,1
619,dataset_1439_annotated_coco1.0_1439_หน้าปากซอยแม้นศรี-2_หน้าปากซอยแม้นศรี-2_20260825_141628.jpg,0,0.01,0,0,1,1
620,dataset_1439_annotated_coco1.0_1439_หน้าปากซอยแม้นศรี-2_หน้าปากซอยแม้นศรี-2_20260825_144624.jpg,0,0.01,0,0,1,1
621,dataset_1439_annotated_coco1.0_1439_หน้าปากซอยแม้นศรี-2_หน้าปากซอยแม้นศรี-2_20260825_151622.jpg,0,0.01,0,0,1,1
622,dataset_1439_annotated_coco1.0_1439_หน้าปากซอยแม้นศรี-2_หน้าปากซอยแม้นศรี-2_20260825_154622.jpg,0,0.01,0,0,1,1
623,dataset_1439_annotated_coco1.0_1439_หน้าปากซอยแม้นศรี-2_หน้าปากซอยแม้นศรี-2_20260825_161622.jpg,0,0.01,0,0,1,1
624,dataset_1439_annotated_coco1.0_1439_หน้าปากซอยแม้นศรี-2_หน้าปากซอยแม้นศรี-2_20260825_164624.jpg,0,0.01,0,0,1,1
625,dataset_1439_annotated_coco1.0_1439_หน้าปากซอยแม้นศรี-2_หน้าปากซอยแม้นศรี-2_20260825_171622.jpg,0,0.01,0,0,1,1
626,dataset_1439_annotated_coco1.0_1439_หน้าปากซอยแม้นศรี-2_หน้าปากซอยแม้นศรี-2_20260825_174622.jpg,0,0.01,0,0,1,1
627,dataset_1439_annotated_coco1.0_1439_หน้าปากซอยแม้นศรี-2_หน้าปากซอยแม้นศรี-2_20260825_181622.jpg,0,0.01,0,0,1,1
628,dataset_1439_annotated_coco1.0_1439_หน้าปากซอยแม้นศรี-2_หน้าปากซอยแม้นศรี-2_20260825_184622.jpg,0,0.01,0,0,1,1
629,dataset_1439_annotated_coco1.0_1439_หน้าปากซอยแม้นศรี-2_หน้าปากซอยแม้นศรี-2_20260825_191622.jpg,0,0.01,0,0,1,1
630,dataset_1439_annotated_coco1.0_1439_หน้าปากซอยแม้นศรี-2_หน้าปากซอยแม้นศรี-2_20260825_194622.jpg,0,0.01,0,0,1,1
631,dataset_1439_annotated_coco1.0_1439_หน้าปากซอยแม้นศรี-2_หน้าปากซอยแม้นศรี-2_20260825_201622.jpg,0,0.01,0,0,1,1
632,dataset_1439_annotated_coco1.0_1439_หน้าปากซอยแม้นศรี-2_หน้าปากซอยแม้นศรี-2_20260826_061131.jpg,0,0.01,0,0,1,1
633,dataset_1439_annotated_coco1.0_1439_หน้าปากซอยแม้นศรี-2_หน้าปากซอยแม้นศรี-2_20260826_064629.jpg,0,0.01,0,0,1,1
634,dataset_1439_annotated_coco1.0_1439_หน้าปากซอยแม้นศรี-2_หน้าปากซอยแม้นศรี-2_20260826_071631.jpg,0,0.01,0,0,1,1
635,dataset_1439_annotated_coco1.0_1439_หน้าปากซอยแม้นศรี-2_หน้าปากซอยแม้นศรี-2_20260826_075123.jpg,0,0.01,0,0,1,1
636,dataset_1439_annotated_coco1.0_1439_หน้าปากซอยแม้นศรี-2_หน้าปากซอยแม้นศรี-2_20260826_082123.jpg,0,0.01,0,0,1,1
637,dataset_1439_annotated_coco1.0_1439_หน้าปากซอยแม้นศรี-2_หน้าปากซอยแม้นศรี-2_20260826_085123.jpg,0,0.01,0,0,1,1
638,dataset_1439_annotated_coco1.0_1439_หน้าปากซอยแม้นศรี-2_หน้าปากซอยแม้นศรี-2_20260826_092123.jpg,0,0.01,0,0,1,1
639,dataset_1439_annotated_coco1.0_1439_หน้าปากซอยแม้นศรี-2_หน้าปากซอยแม้นศรี-2_20260826_095150.jpg,0,0.01,0,0,1,1
640,dataset_1439_annotated_coco1.0_1439_หน้าปากซอยแม้นศรี-2_หน้าปากซอยแม้นศรี-2_20260826_102129.jpg,0,0.01,0,0,1,1
641,dataset_1439_annotated_coco1.0_1439_หน้าปากซอยแม้นศรี-2_หน้าปากซอยแม้นศรี-2_20260826_105127.jpg,0,0.01,0,0,1,1
642,dataset_1439_annotated_coco1.0_1439_หน้าปากซอยแม้นศรี-2_หน้าปากซอยแม้นศรี-2_20260826_112124.jpg,0,0.01,0,0,1,1
643,dataset_1439_annotated_coco1.0_1439_หน้าปากซอยแม้นศรี-2_หน้าปากซอยแม้นศรี-2_20260826_115121.jpg,0,0.01,0,0,1,1
644,dataset_1439_annotated_coco1.0_1439_หน้าปากซอยแม้นศรี-2_หน้าปากซอยแม้นศรี-2_20260826_122122.jpg,0,0.01,0,0,1,1
645,dataset_1439_annotated_coco1.0_1439_หน้าปากซอยแม้นศรี-2_หน้าปากซอยแม้นศรี-2_20260826_125122.jpg,0,0.01,0,0,1,1
646,dataset_1439_annotated_coco1.0_1439_หน้าปากซอยแม้นศรี-2_หน้าปากซอยแม้นศรี-2_20260826_132122.jpg,0,0.01,0,0,1,1
647,dataset_1439_annotated_coco1.0_1439_หน้าปากซอยแม้นศรี-2_หน้าปากซอยแม้นศรี-2_20260826_135122.jpg,0,0.01,0,0,1,1
648,dataset_1439_annotated_coco1.0_1439_หน้าปากซอยแม้นศรี-2_หน้าปากซอยแม้นศรี-2_20260826_142122.jpg,0,0.01,0,0,1,1
649,dataset_1439_annotated_coco1.0_1439_หน้าปากซอยแม้นศรี-2_หน้าปากซอยแม้นศรี-2_20260826_145124.jpg,0,0.01,0,0,1,1
650,dataset_1439_annotated_coco1.0_1439_หน้าปากซอยแม้นศรี-2_หน้าปากซอยแม้นศรี-2_20260826_152123.jpg,0,0.01,0,0,1,1
651,dataset_1439_annotated_coco1.0_1439_หน้าปากซอยแม้นศรี-2_หน้าปากซอยแม้นศรี-2_20260826_155125.jpg,0,0.01,0,0,1,1
652,dataset_1439_annotated_coco1.0_1439_หน้าปากซอยแม้นศรี-2_หน้าปากซอยแม้นศรี-2_20260826_162123.jpg,0,0.01,0,0,1,1
653,dataset_1439_annotated_coco1.0_1439_หน้าปากซอยแม้นศรี-2_หน้าปากซอยแม้นศรี-2_20260826_165124.jpg,0,0.01,0,0,1,1
654,dataset_1439_annotated_coco1.0_1439_หน้าปากซอยแม้นศรี-2_หน้าปากซอยแม้นศรี-2_20260826_172123.jpg,0,0.01,0,0,1,1
655,dataset_1439_annotated_coco1.0_1439_หน้าปากซอยแม้นศรี-2_หน้าปากซอยแม้นศรี-2_20260826_175122.jpg,0,0.01,0,0,1,1
656,dataset_1439_annotated_coco1.0_1439_หน้าปากซอยแม้นศรี-2_หน้าปากซอยแม้นศรี-2_20260826_182623.jpg,0,0.01,0,0,1,1
657,dataset_1439_annotated_coco1.0_1439_หน้าปากซอยแม้นศรี-2_หน้าปากซอยแม้นศรี-2_20260826_185622.jpg,0,0.01,0,0,1,1
658,dataset_1439_annotated_coco1.0_1439_หน้าปากซอยแม้นศรี-2_หน้าปากซอยแม้นศรี-2_20260826_192623.jpg,0,0.01,0,0,1,1
659,dataset_1439_annotated_coco1.0_1439_หน้าปากซอยแม้นศรี-2_หน้าปากซอยแม้นศรี-2_20260826_195622.jpg,0,0.01,0,0,1,1
660,dataset_1439_annotated_coco1.0_1439_หน้าปากซอยแม้นศรี-2_หน้าปากซอยแม้นศรี-2_20260826_202623.jpg,0,0.01,0,0,1,1
661,dataset_1439_annotated_coco1.0_1439_หน้าปากซอยแม้นศรี-2_หน้าปากซอยแม้นศรี-2_20260826_205622.jpg,0,0.01,0,0,1,1
662,dataset_1439_annotated_coco1.0_1439_หน้าปากซอยแม้นศรี-2_หน้าปากซอยแม้นศรี-2_20260827_085121.jpg,0,0.01,0,0,1,1
663,dataset_1439_annotated_coco1.0_1439_หน้าปากซอยแม้นศรี-2_หน้าปากซอยแม้นศรี-2_20260827_092121.jpg,0,0.01,0,0,1,1
664,dataset_1439_annotated_coco1.0_1439_หน้าปากซอยแม้นศรี-2_หน้าปากซอยแม้นศรี-2_20260827_095121.jpg,0,0.01,0,0,1,1
665,dataset_1439_annotated_coco1.0_1439_หน้าปากซอยแม้นศรี-2_หน้าปากซอยแม้นศรี-2_20260827_102121.jpg,0,0.01,0,0,1,1
666,dataset_1439_annotated_coco1.0_1439_หน้าปากซอยแม้นศรี-2_หน้าปากซอยแม้นศรี-2_20260827_105121.jpg,0,0.01,0,0,1,1
667,dataset_1439_annotated_coco1.0_1439_หน้าปากซอยแม้นศรี-2_หน้าปากซอยแม้นศรี-2_20260827_112121.jpg,0,0.01,0,0,1,1
668,dataset_1439_annotated_coco1.0_1439_หน้าปากซอยแม้นศรี-2_หน้าปากซอยแม้นศรี-2_20260827_115121.jpg,0,0.01,0,0,1,1
669,dataset_1439_annotated_coco1.0_1439_หน้าปากซอยแม้นศรี-2_หน้าปากซอยแม้นศรี-2_20260827_122154.jpg,0,0.01,0,0,1,1
670,dataset_1439_annotated_coco1.0_1439_หน้าปากซอยแม้นศรี-2_หน้าปากซอยแม้นศรี-2_20260827_125121.jpg,0,0.01,0,0,1,1
671,dataset_1439_annotated_coco1.0_1439_หน้าปากซอยแม้นศรี-2_หน้าปากซอยแม้นศรี-2_20260827_132124.jpg,0,0.01,0,0,1,1
672,dataset_1439_annotated_coco1.0_1439_หน้าปากซอยแม้นศรี-2_หน้าปากซอยแม้นศรี-2_20260827_135124.jpg,0,0.01,0,0,1,1
673,dataset_1439_annotated_coco1.0_1439_หน้าปากซอยแม้นศรี-2_หน้าปากซอยแม้นศรี-2_20260827_142124.jpg,0,0.01,0,0,1,1
674,dataset_1439_annotated_coco1.0_1439_หน้าปากซอยแม้นศรี-2_หน้าปากซอยแม้นศรี-2_20260827_145124.jpg,0,0.01,0,0,1,1
675,dataset_1439_annotated_coco1.0_1439_หน้าปากซอยแม้นศรี-2_หน้าปากซอยแม้นศรี-2_20260827_152124.jpg,0,0.01,0,0,1,1
676,dataset_1439_annotated_coco1.0_1439_หน้าปากซอยแม้นศรี-2_หน้าปากซอยแม้นศรี-2_20260827_155124.jpg,0,0.01,0,0,1,1
677,dataset_1439_annotated_coco1.0_1439_หน้าปากซอยแม้นศรี-2_หน้าปากซอยแม้นศรี-2_20260827_162124.jpg,0,0.01,0,0,1,1
678,dataset_1439_annotated_coco1.0_1439_หน้าปากซอยแม้นศรี-2_หน้าปากซอยแม้นศรี-2_20260827_165124.jpg,0,0.01,0,0,1,1
679,dataset_1439_annotated_coco1.0_1439_หน้าปากซอยแม้นศรี-2_หน้าปากซอยแม้นศรี-2_20260827_172125.jpg,0,0.01,0,0,1,1
680,dataset_1439_annotated_coco1.0_1439_หน้าปากซอยแม้นศรี-2_หน้าปากซอยแม้นศรี-2_20260827_175124.jpg,0,0.01,0,0,1,1
681,dataset_1439_annotated_coco1.0_1439_หน้าปากซอยแม้นศรี-2_หน้าปากซอยแม้นศรี-2_20260827_182125.jpg,0,0.01,0,0,1,1
682,dataset_1439_annotated_coco1.0_1439_หน้าปากซอยแม้นศรี-2_หน้าปากซอยแม้นศรี-2_20260827_185122.jpg,0,0.01,0,0,1,1
683,dataset_1439_annotated_coco1.0_1439_หน้าปากซอยแม้นศรี-2_หน้าปากซอยแม้นศรี-2_20260827_192123.jpg,0,0.01,0,0,1,1
684,dataset_1439_annotated_coco1.0_1439_หน้าปากซอยแม้นศรี-2_หน้าปากซอยแม้นศรี-2_20260827_195123.jpg,0,0.01,0,0,1,1
685,dataset_1439_annotated_coco1.0_1439_หน้าปากซอยแม้นศรี-2_หน้าปากซอยแม้นศรี-2_20260827_202123.jpg,0,0.01,0,0,1,1
686,dataset_1439_annotated_coco1.0_1439_หน้าปากซอยแม้นศรี-2_หน้าปากซอยแม้นศรี-2_20260827_205125.jpg,0,0.01,0,0,1,1
687,dataset_1439_annotated_coco1.0_1439_หน้าปากซอยแม้นศรี-2_หน้าปากซอยแม้นศรี-2_20260828_061624.jpg,0,0.01,0,0,1,1
688,dataset_1439_annotated_coco1.0_1439_หน้าปากซอยแม้นศรี-2_หน้าปากซอยแม้นศรี-2_20260828_064623.jpg,0,0.01,0,0,1,1
689,dataset_1439_annotated_coco1.0_1439_หน้าปากซอยแม้นศรี-2_หน้าปากซอยแม้นศรี-2_20260828_071623.jpg,0,0.01,0,0,1,1
690,dataset_1439_annotated_coco1.0_1439_หน้าปากซอยแม้นศรี-2_หน้าปากซอยแม้นศรี-2_20260828_074623.jpg,0,0.01,0,0,1,1
691,dataset_1439_annotated_coco1.0_1439_หน้าปากซอยแม้นศรี-2_หน้าปากซอยแม้นศรี-2_20260828_081623.jpg,0,0.01,0,0,1,1
692,dataset_1439_annotated_coco1.0_1439_หน้าปากซอยแม้นศรี-2_หน้าปากซอยแม้นศรี-2_20260828_084644.jpg,0,0.01,0,0,1,1
693,dataset_1439_annotated_coco1.0_1439_หน้าปากซอยแม้นศรี-2_หน้าปากซอยแม้นศรี-2_20260828_091631.jpg,0,0.01,0,0,1,1
694,dataset_1439_annotated_coco1.0_1439_หน้าปากซอยแม้นศรี-2_หน้าปากซอยแม้นศรี-2_20260828_094635.jpg,0,0.01,0,0,1,1
695,dataset_1439_annotated_coco1.0_1439_หน้าปากซอยแม้นศรี-2_หน้าปากซอยแม้นศรี-2_20260828_102130.jpg,0,0.01,0,0,1,1
696,dataset_1439_annotated_coco1.0_1439_หน้าปากซอยแม้นศรี-2_หน้าปากซอยแม้นศรี-2_20260828_105132.jpg,0,0.01,0,0,1,1
697,dataset_1439_annotated_coco1.0_1439_หน้าปากซอยแม้นศรี-2_หน้าปากซอยแม้นศรี-2_20260828_112138.jpg,0,0.01,0,0,1,1
698,dataset_1439_annotated_coco1.0_1439_หน้าปากซอยแม้นศรี-2_หน้าปากซอยแม้นศรี-2_20260828_115128.jpg,0,0.01,0,0,1,1
699,dataset_1439_annotated_coco1.0_1439_หน้าปากซอยแม้นศรี-2_หน้าปากซอยแม้นศรี-2_20260828_122136.jpg,0,0.01,0,0,1,1
700,dataset_1439_annotated_coco1.0_1439_หน้าปากซอยแม้นศรี-2_หน้าปากซอยแม้นศรี-2_20260828_125131.jpg,0,0.01,0,0,1,1
701,dataset_1439_annotated_coco1.0_1439_หน้าปากซอยแม้นศรี-2_หน้าปากซอยแม้นศรี-2_20260828_132231.jpg,0,0.01,0,0,1,1
702,dataset_1439_annotated_coco1.0_1439_หน้าปากซอยแม้นศรี-2_หน้าปากซอยแม้นศรี-2_20260828_135122.jpg,0,0.01,0,0,1,1
703,dataset_1439_annotated_coco1.0_1439_หน้าปากซอยแม้นศรี-2_หน้าปากซอยแม้นศรี-2_20260828_142123.jpg,0,0.01,0,0,1,1
704,dataset_1439_annotated_coco1.0_1439_หน้าปากซอยแม้นศรี-2_หน้าปากซอยแม้นศรี-2_20260828_145122.jpg,0,0.01,0,0,1,1
705,dataset_1439_annotated_coco1.0_1439_หน้าปากซอยแม้นศรี-2_หน้าปากซอยแม้นศรี-2_20260828_152122.jpg,0,0.01,0,0,1,1
706,dataset_1439_annotated_coco1.0_1439_หน้าปากซอยแม้นศรี-2_หน้าปากซอยแม้นศรี-2_20260828_155122.jpg,0,0.01,0,0,1,1
707,dataset_1439_annotated_coco1.0_1439_หน้าปากซอยแม้นศรี-2_หน้าปากซอยแม้นศรี-2_20260828_162122.jpg,0,0.01,0,0,1,1
708,dataset_1439_annotated_coco1.0_1439_หน้าปากซอยแม้นศรี-2_หน้าปากซอยแม้นศรี-2_20260828_165122.jpg,0,0.01,0,0,1,1
709,dataset_1439_annotated_coco1.0_1439_หน้าปากซอยแม้นศรี-2_หน้าปากซอยแม้นศรี-2_20260828_172123.jpg,0,0.01,0,0,1,1
710,dataset_1439_annotated_coco1.0_1439_หน้าปากซอยแม้นศรี-2_หน้าปากซอยแม้นศรี-2_20260828_175123.jpg,0,0.01,0,0,1,1
711,dataset_1439_annotated_coco1.0_1439_หน้าปากซอยแม้นศรี-2_หน้าปากซอยแม้นศรี-2_20260828_182122.jpg,0,0.01,0,0,1,1
712,dataset_1439_annotated_coco1.0_1439_หน้าปากซอยแม้นศรี-2_หน้าปากซอยแม้นศรี-2_20260828_185124.jpg,0,0.01,0,0,1,1
713,dataset_1439_annotated_coco1.0_1439_หน้าปากซอยแม้นศรี-2_หน้าปากซอยแม้นศรี-2_20260828_192122.jpg,0,0.01,0,0,1,1
714,dataset_1439_annotated_coco1.0_1439_หน้าปากซอยแม้นศรี-2_หน้าปากซอยแม้นศรี-2_20260828_195124.jpg,0,0.01,0,0,1,1
715,dataset_1439_annotated_coco1.0_1439_หน้าปากซอยแม้นศรี-2_หน้าปากซอยแม้นศรี-2_20260828_202122.jpg,0,0.01,0,0,1,1
716,dataset_1439_annotated_coco1.0_1439_หน้าปากซอยแม้นศรี-2_หน้าปากซอยแม้นศรี-2_20260828_205122.jpg,0,0.01,0,0,1,1
717,dataset_1439_annotated_coco1.0_1439_หน้าปากซอยแม้นศรี-2_หน้าปากซอยแม้นศรี-2_20260829_061624.jpg,0,0.01,0,0,1,1
718,dataset_1439_annotated_coco1.0_1439_หน้าปากซอยแม้นศรี-2_หน้าปากซอยแม้นศรี-2_20260829_064623.jpg,0,0.01,0,0,1,1
719,dataset_1439_annotated_coco1.0_1439_หน้าปากซอยแม้นศรี-2_หน้าปากซอยแม้นศรี-2_20260829_071625.jpg,0,0.01,0,0,1,1
720,dataset_1439_annotated_coco1.0_1439_หน้าปากซอยแม้นศรี-2_หน้าปากซอยแม้นศรี-2_20260829_074623.jpg,0,0.01,0,0,1,1
721,dataset_1439_annotated_coco1.0_1439_หน้าปากซอยแม้นศรี-2_หน้าปากซอยแม้นศรี-2_20260829_081626.jpg,0,0.01,0,0,1,1
722,dataset_1439_annotated_coco1.0_1439_หน้าปากซอยแม้นศรี-2_หน้าปากซอยแม้นศรี-2_20260829_084623.jpg,0,0.01,0,0,1,1
723,dataset_1439_annotated_coco1.0_1439_หน้าปากซอยแม้นศรี-2_หน้าปากซอยแม้นศรี-2_20260829_091623.jpg,0,0.01,0,0,1,1
724,dataset_1439_annotated_coco1.0_1439_หน้าปากซอยแม้นศรี-2_หน้าปากซอยแม้นศรี-2_20260829_094623.jpg,0,0.01,0,0,1,1
725,dataset_1439_annotated_coco1.0_1439_หน้าปากซอยแม้นศรี-2_หน้าปากซอยแม้นศรี-2_20260829_101624.jpg,0,0.01,0,0,1,1
726,dataset_1439_annotated_coco1.0_1439_หน้าปากซอยแม้นศรี-2_หน้าปากซอยแม้นศรี-2_20260829_104621.jpg,0,0.01,0,0,1,1
727,dataset_1439_annotated_coco1.0_1439_หน้าปากซอยแม้นศรี-2_หน้าปากซอยแม้นศรี-2_20260829_111630.jpg,0,0.01,0,0,1,1
728,dataset_1439_annotated_coco1.0_1439_หน้าปากซอยแม้นศรี-2_หน้าปากซอยแม้นศรี-2_20260829_114622.jpg,0,0.01,0,0,1,1
729,dataset_1439_annotated_coco1.0_1439_หน้าปากซอยแม้นศรี-2_หน้าปากซอยแม้นศรี-2_20260829_121621.jpg,0,0.01,0,0,1,1
730,dataset_1439_annotated_coco1.0_1439_หน้าปากซอยแม้นศรี-2_หน้าปากซอยแม้นศรี-2_20260829_124622.jpg,0,0.01,0,0,1,1
731,dataset_1439_annotated_coco1.0_1439_หน้าปากซอยแม้นศรี-2_หน้าปากซอยแม้นศรี-2_20260829_131621.jpg,0,0.01,0,0,1,1
732,dataset_1439_annotated_coco1.0_1439_หน้าปากซอยแม้นศรี-2_หน้าปากซอยแม้นศรี-2_20260829_134622.jpg,0,0.01,0,0,1,1
733,dataset_1439_annotated_coco1.0_1439_หน้าปากซอยแม้นศรี-2_หน้าปากซอยแม้นศรี-2_20260829_141622.jpg,0,0.01,0,0,1,1
734,dataset_1439_annotated_coco1.0_1439_หน้าปากซอยแม้นศรี-2_หน้าปากซอยแม้นศรี-2_20260829_144622.jpg,0,0.01,0,0,1,1
735,dataset_1439_annotated_coco1.0_1439_หน้าปากซอยแม้นศรี-2_หน้าปากซอยแม้นศรี-2_20260829_151622.jpg,0,0.01,0,0,1,1
736,dataset_1439_annotated_coco1.0_1439_หน้าปากซอยแม้นศรี-2_หน้าปากซอยแม้นศรี-2_20260829_154622.jpg,0,0.01,0,0,1,1
737,dataset_1439_annotated_coco1.0_1439_หน้าปากซอยแม้นศรี-2_หน้าปากซอยแม้นศรี-2_20260829_161622.jpg,0,0.01,0,0,1,1
738,dataset_1439_annotated_coco1.0_1439_หน้าปากซอยแม้นศรี-2_หน้าปากซอยแม้นศรี-2_20260829_164622.jpg,0,0.01,0,0,1,1
739,dataset_1439_annotated_coco1.0_1439_หน้าปากซอยแม้นศรี-2_หน้าปากซอยแม้นศรี-2_20260829_171622.jpg,0,0.01,0,0,1,1
740,dataset_1439_annotated_coco1.0_1439_หน้าปากซอยแม้นศรี-2_หน้าปากซอยแม้นศรี-2_20260829_174622.jpg,0,0.01,0,0,1,1
741,dataset_1439_annotated_coco1.0_1439_หน้าปากซอยแม้นศรี-2_หน้าปากซอยแม้นศรี-2_20260829_181622.jpg,0,0.01,0,0,1,1
742,dataset_1439_annotated_coco1.0_1439_หน้าปากซอยแม้นศรี-2_หน้าปากซอยแม้นศรี-2_20260829_194624.jpg,0,0.01,0,0,1,1
743,dataset_1439_annotated_coco1.0_1439_หน้าปากซอยแม้นศรี-2_หน้าปากซอยแม้นศรี-2_20260829_201623.jpg,0,0.01,0,0,1,1
744,dataset_1439_annotated_coco1.0_1439_หน้าปากซอยแม้นศรี-2_หน้าปากซอยแม้นศรี-2_20260829_204622.jpg,0,0.01,0,0,1,1
745,dataset_1439_annotated_coco1.0_1439_หน้าปากซอยแม้นศรี-2_หน้าปากซอยแม้นศรี-2_20260830_061121.jpg,0,0.01,0,0,1,1
746,dataset_1439_annotated_coco1.0_1439_หน้าปากซอยแม้นศรี-2_หน้าปากซอยแม้นศรี-2_20260830_064122.jpg,0,0.01,0,0,1,1
747,dataset_1439_annotated_coco1.0_1439_หน้าปากซอยแม้นศรี-2_หน้าปากซอยแม้นศรี-2_20260830_071121.jpg,0,0.01,0,0,1,1
748,dataset_1439_annotated_coco1.0_1439_หน้าปากซอยแม้นศรี-2_หน้าปากซอยแม้นศรี-2_20260830_074121.jpg,0,0.01,0,0,1,1
749,dataset_1439_annotated_coco1.0_1439_หน้าปากซอยแม้นศรี-2_หน้าปากซอยแม้นศรี-2_20260830_081121.jpg,0,0.01,0,0,1,1
750,dataset_1439_annotated_coco1.0_1439_หน้าปากซอยแม้นศรี-2_หน้าปากซอยแม้นศรี-2_20260830_091121.jpg,0,0.01,0,0,1,1
751,dataset_1439_annotated_coco1.0_1439_หน้าปากซอยแม้นศรี-2_หน้าปากซอยแม้นศรี-2_20260830_094121.jpg,0,0.01,0,0,1,1
752,dataset_1439_annotated_coco1.0_1439_หน้าปากซอยแม้นศรี-2_หน้าปากซอยแม้นศรี-2_20260830_101122.jpg,0,0.01,0,0,1,1
753,dataset_1439_annotated_coco1.0_1439_หน้าปากซอยแม้นศรี-2_หน้าปากซอยแม้นศรี-2_20260830_104121.jpg,0,0.01,0,0,1,1
754,dataset_1439_annotated_coco1.0_1439_หน้าปากซอยแม้นศรี-2_หน้าปากซอยแม้นศรี-2_20260830_111122.jpg,0,0.01,0,0,1,1
755,dataset_1439_annotated_coco1.0_1439_หน้าปากซอยแม้นศรี-2_หน้าปากซอยแม้นศรี-2_20260830_114122.jpg,0,0.01,0,0,1,1
756,dataset_1439_annotated_coco1.0_1439_หน้าปากซอยแม้นศรี-2_หน้าปากซอยแม้นศรี-2_20260830_121122.jpg,0,0.01,0,0,1,1
757,dataset_1439_annotated_coco1.0_1439_หน้าปากซอยแม้นศรี-2_หน้าปากซอยแม้นศรี-2_20260830_124121.jpg,0,0.01,0,0,1,1
758,dataset_1439_annotated_coco1.0_1439_หน้าปากซอยแม้นศรี-2_หน้าปากซอยแม้นศรี-2_20260830_131122.jpg,0,0.01,0,0,1,1
759,dataset_1439_annotated_coco1.0_1439_หน้าปากซอยแม้นศรี-2_หน้าปากซอยแม้นศรี-2_20260830_134122.jpg,0,0.01,0,0,1,1
760,dataset_1439_annotated_coco1.0_1439_หน้าปากซอยแม้นศรี-2_หน้าปากซอยแม้นศรี-2_20260830_141122.jpg,0,0.01,0,0,1,1
761,dataset_1439_annotated_coco1.0_1439_หน้าปากซอยแม้นศรี-2_หน้าปากซอยแม้นศรี-2_20260830_144122.jpg,0,0.01,0,0,1,1
762,dataset_1439_annotated_coco1.0_1439_หน้าปากซอยแม้นศรี-2_หน้าปากซอยแม้นศรี-2_20260830_151123.jpg,0,0.01,0,0,1,1
763,dataset_1439_annotated_coco1.0_1439_หน้าปากซอยแม้นศรี-2_หน้าปากซอยแม้นศรี-2_20260830_154136.jpg,0,0.01,0,0,1,1
764,dataset_1439_annotated_coco1.0_1439_หน้าปากซอยแม้นศรี-2_หน้าปากซอยแม้นศรี-2_20260830_161132.jpg,0,0.01,0,0,1,1
765,dataset_1439_annotated_coco1.0_1439_หน้าปากซอยแม้นศรี-2_หน้าปากซอยแม้นศรี-2_20260830_164132.jpg,0,0.01,0,0,1,1
766,dataset_1439_annotated_coco1.0_1439_หน้าปากซอยแม้นศรี-2_หน้าปากซอยแม้นศรี-2_20260830_171122.jpg,0,0.01,0,0,1,1
767,dataset_1439_annotated_coco1.0_1439_หน้าปากซอยแม้นศรี-2_หน้าปากซอยแม้นศรี-2_20260830_174122.jpg,0,0.01,0,0,1,1
768,dataset_1439_annotated_coco1.0_1439_หน้าปากซอยแม้นศรี-2_หน้าปากซอยแม้นศรี-2_20260830_181122.jpg,0,0.01,0,0,1,1
769,dataset_1439_annotated_coco1.0_1439_หน้าปากซอยแม้นศรี-2_หน้าปากซอยแม้นศรี-2_20260830_184122.jpg,0,0.01,0,0,1,1
770,dataset_1439_annotated_coco1.0_1439_หน้าปากซอยแม้นศรี-2_หน้าปากซอยแม้นศรี-2_20260830_191123.jpg,0,0.01,0,0,1,1
771,dataset_1439_annotated_coco1.0_1439_หน้าปากซอยแม้นศรี-2_หน้าปากซอยแม้นศรี-2_20260830_194122.jpg,0,0.01,0,0,1,1
772,dataset_1439_annotated_coco1.0_1439_หน้าปากซอยแม้นศรี-2_หน้าปากซอยแม้นศรี-2_20260830_201133.jpg,0,0.01,0,0,1,1
773,dataset_1439_annotated_coco1.0_1439_หน้าปากซอยแม้นศรี-2_หน้าปากซอยแม้นศรี-2_20260830_204122.jpg,0,0.01,0,0,1,1
774,dataset_1439_annotated_coco1.0_1439_หน้าปากซอยแม้นศรี-2_หน้าปากซอยแม้นศรี-2_20260831_060622.jpg,0,0.01,0,0,1,1
775,dataset_1439_annotated_coco1.0_1439_หน้าปากซอยแม้นศรี-2_หน้าปากซอยแม้นศรี-2_20260831_063623.jpg,0,0.01,0,0,1,1
776,dataset_1439_annotated_coco1.0_1439_หน้าปากซอยแม้นศรี-2_หน้าปากซอยแม้นศรี-2_20260831_070621.jpg,0,0.01,0,0,1,1
777,dataset_1439_annotated_coco1.0_1439_หน้าปากซอยแม้นศรี-2_หน้าปากซอยแม้นศรี-2_20260831_073621.jpg,0,0.01,0,0,1,1
778,dataset_1439_annotated_coco1.0_1439_หน้าปากซอยแม้นศรี-2_หน้าปากซอยแม้นศรี-2_20260831_080622.jpg,0,0.01,0,0,1,1
779,dataset_1439_annotated_coco1.0_1439_หน้าปากซอยแม้นศรี-2_หน้าปากซอยแม้นศรี-2_20260831_083621.jpg,0,0.01,0,0,1,1
780,dataset_1439_annotated_coco1.0_1439_หน้าปากซอยแม้นศรี-2_หน้าปากซอยแม้นศรี-2_20260831_090621.jpg,0,0.01,0,0,1,1
781,dataset_1439_annotated_coco1.0_1439_หน้าปากซอยแม้นศรี-2_หน้าปากซอยแม้นศรี-2_20260831_093622.jpg,0,0.01,0,0,1,1
782,dataset_1439_annotated_coco1.0_1439_หน้าปากซอยแม้นศรี-2_หน้าปากซอยแม้นศรี-2_20260831_100622.jpg,0,0.01,0,0,1,1
783,dataset_1439_annotated_coco1.0_1439_หน้าปากซอยแม้นศรี-2_หน้าปากซอยแม้นศรี-2_20260831_103621.jpg,0,0.01,0,0,1,1
784,dataset_1439_annotated_coco1.0_1439_หน้าปากซอยแม้นศรี-2_หน้าปากซอยแม้นศรี-2_20260831_110622.jpg,0,0.01,0,0,1,1
785,dataset_1439_annotated_coco1.0_1439_หน้าปากซอยแม้นศรี-2_หน้าปากซอยแม้นศรี-2_20260831_113622.jpg,0,0.01,0,0,1,1
786,dataset_1439_annotated_coco1.0_1439_หน้าปากซอยแม้นศรี-2_หน้าปากซอยแม้นศรี-2_20260831_120622.jpg,0,0.01,0,0,1,1
787,dataset_1439_annotated_coco1.0_1439_หน้าปากซอยแม้นศรี-2_หน้าปากซอยแม้นศรี-2_20260831_123624.jpg,0,0.01,0,0,1,1
788,dataset_1439_annotated_coco1.0_1439_หน้าปากซอยแม้นศรี-2_หน้าปากซอยแม้นศรี-2_20260831_130623.jpg,0,0.01,0,0,1,1
789,dataset_1439_annotated_coco1.0_1439_หน้าปากซอยแม้นศรี-2_หน้าปากซอยแม้นศรี-2_20260831_133624.jpg,0,0.01,0,0,1,1
790,dataset_1439_annotated_coco1.0_1439_หน้าปากซอยแม้นศรี-2_หน้าปากซอยแม้นศรี-2_20260831_140629.jpg,0,0.01,0,0,1,1
791,dataset_1439_annotated_coco1.0_1439_หน้าปากซอยแม้นศรี-2_หน้าปากซอยแม้นศรี-2_20260831_143624.jpg,0,0.01,0,0,1,1
792,dataset_1439_annotated_coco1.0_1439_หน้าปากซอยแม้นศรี-2_หน้าปากซอยแม้นศรี-2_20260831_150624.jpg,0,0.01,0,0,1,1
793,dataset_1439_annotated_coco1.0_1439_หน้าปากซอยแม้นศรี-2_หน้าปากซอยแม้นศรี-2_20260831_154150.jpg,0,0.01,0,0,1,1
794,dataset_1439_annotated_coco1.0_1439_หน้าปากซอยแม้นศรี-2_หน้าปากซอยแม้นศรี-2_20260831_161122.jpg,0,0.01,0,0,1,1
795,dataset_1439_annotated_coco1.0_1439_หน้าปากซอยแม้นศรี-2_หน้าปากซอยแม้นศรี-2_20260831_164122.jpg,0,0.01,0,0,1,1
796,dataset_1439_annotated_coco1.0_1439_หน้าปากซอยแม้นศรี-2_หน้าปากซอยแม้นศรี-2_20260831_171122.jpg,0,0.01,0,0,1,1
797,dataset_1439_annotated_coco1.0_1439_หน้าปากซอยแม้นศรี-2_หน้าปากซอยแม้นศรี-2_20260831_174122.jpg,0,0.01,0,0,1,1
798,dataset_1439_annotated_coco1.0_1439_หน้าปากซอยแม้นศรี-2_หน้าปากซอยแม้นศรี-2_20260831_181123.jpg,0,0.01,0,0,1,1
799,dataset_1439_annotated_coco1.0_1439_หน้าปากซอยแม้นศรี-2_หน้าปากซอยแม้นศรี-2_20260831_184123.jpg,0,0.01,0,0,1,1
800,dataset_1439_annotated_coco1.0_1439_หน้าปากซอยแม้นศรี-2_หน้าปากซอยแม้นศรี-2_20260831_191122.jpg,0,0.01,0,0,1,1
801,dataset_1439_annotated_coco1.0_1439_หน้าปากซอยแม้นศรี-2_หน้าปากซอยแม้นศรี-2_20260831_194123.jpg,0,0.01,0,0,1,1
802,dataset_1439_annotated_coco1.0_1439_หน้าปากซอยแม้นศรี-2_หน้าปากซอยแม้นศรี-2_20260831_201123.jpg,0,0.01,0,0,1,1
803,dataset_1439_annotated_coco1.0_1439_หน้าปากซอยแม้นศรี-2_หน้าปากซอยแม้นศรี-2_20260831_204122.jpg,0,0.01,0,0,1,1
804,dataset_227_annotated_coco1.0_227_หน้าตลาดคลองถม-ถนนเจริญกรุง_รถมาจากแยกเอส-เอ-บี-มุ่งหน้า_20260825_060128.jpg,0,0.01,0,0,1,1
805,dataset_227_annotated_coco1.0_227_หน้าตลาดคลองถม-ถนนเจริญกรุง_รถมาจากแยกเอส-เอ-บี-มุ่งหน้า_20260825_063624.jpg,0,0.01,0,0,1,1
806,dataset_227_annotated_coco1.0_227_หน้าตลาดคลองถม-ถนนเจริญกรุง_รถมาจากแยกเอส-เอ-บี-มุ่งหน้า_20260825_070620.jpg,0,0.01,0,0,1,1
807,dataset_227_annotated_coco1.0_227_หน้าตลาดคลองถม-ถนนเจริญกรุง_รถมาจากแยกเอส-เอ-บี-มุ่งหน้า_20260825_074120.jpg,0,0.01,0,0,1,1
808,dataset_227_annotated_coco1.0_227_หน้าตลาดคลองถม-ถนนเจริญกรุง_รถมาจากแยกเอส-เอ-บี-มุ่งหน้า_20260825_081119.jpg,0,0.01,0,0,1,1
809,dataset_227_annotated_coco1.0_227_หน้าตลาดคลองถม-ถนนเจริญกรุง_รถมาจากแยกเอส-เอ-บี-มุ่งหน้า_20260825_084119.jpg,0,0.01,0,0,1,1
810,dataset_227_annotated_coco1.0_227_หน้าตลาดคลองถม-ถนนเจริญกรุง_รถมาจากแยกเอส-เอ-บี-มุ่งหน้า_20260825_091119.jpg,0,0.01,0,0,1,1
811,dataset_227_annotated_coco1.0_227_หน้าตลาดคลองถม-ถนนเจริญกรุง_รถมาจากแยกเอส-เอ-บี-มุ่งหน้า_20260825_094119.jpg,0,0.01,0,0,1,1
812,dataset_227_annotated_coco1.0_227_หน้าตลาดคลองถม-ถนนเจริญกรุง_รถมาจากแยกเอส-เอ-บี-มุ่งหน้า_20260825_101120.jpg,0,0.01,0,0,1,1
813,dataset_227_annotated_coco1.0_227_หน้าตลาดคลองถม-ถนนเจริญกรุง_รถมาจากแยกเอส-เอ-บี-มุ่งหน้า_20260825_104119.jpg,0,0.01,0,0,1,1
814,dataset_227_annotated_coco1.0_227_หน้าตลาดคลองถม-ถนนเจริญกรุง_รถมาจากแยกเอส-เอ-บี-มุ่งหน้า_20260825_111119.jpg,0,0.01,0,0,1,1
815,dataset_227_annotated_coco1.0_227_หน้าตลาดคลองถม-ถนนเจริญกรุง_รถมาจากแยกเอส-เอ-บี-มุ่งหน้า_20260825_114119.jpg,0,0.01,0,0,1,1
816,dataset_227_annotated_coco1.0_227_หน้าตลาดคลองถม-ถนนเจริญกรุง_รถมาจากแยกเอส-เอ-บี-มุ่งหน้า_20260825_121120.jpg,0,0.01,0,0,1,1
817,dataset_227_annotated_coco1.0_227_หน้าตลาดคลองถม-ถนนเจริญกรุง_รถมาจากแยกเอส-เอ-บี-มุ่งหน้า_20260825_124125.jpg,0,0.01,0,0,1,1
818,dataset_227_annotated_coco1.0_227_หน้าตลาดคลองถม-ถนนเจริญกรุง_รถมาจากแยกเอส-เอ-บี-มุ่งหน้า_20260825_131126.jpg,0,0.01,0,0,1,1
819,dataset_227_annotated_coco1.0_227_หน้าตลาดคลองถม-ถนนเจริญกรุง_รถมาจากแยกเอส-เอ-บี-มุ่งหน้า_20260825_141122.jpg,0,0.01,0,0,1,1
820,dataset_227_annotated_coco1.0_227_หน้าตลาดคลองถม-ถนนเจริญกรุง_รถมาจากแยกเอส-เอ-บี-มุ่งหน้า_20260825_144124.jpg,0,0.01,0,0,1,1
821,dataset_227_annotated_coco1.0_227_หน้าตลาดคลองถม-ถนนเจริญกรุง_รถมาจากแยกเอส-เอ-บี-มุ่งหน้า_20260825_151122.jpg,0,0.01,0,0,1,1
822,dataset_227_annotated_coco1.0_227_หน้าตลาดคลองถม-ถนนเจริญกรุง_รถมาจากแยกเอส-เอ-บี-มุ่งหน้า_20260825_154122.jpg,0,0.01,0,0,1,1
823,dataset_227_annotated_coco1.0_227_หน้าตลาดคลองถม-ถนนเจริญกรุง_รถมาจากแยกเอส-เอ-บี-มุ่งหน้า_20260825_161123.jpg,0,0.01,0,0,1,1
824,dataset_227_annotated_coco1.0_227_หน้าตลาดคลองถม-ถนนเจริญกรุง_รถมาจากแยกเอส-เอ-บี-มุ่งหน้า_20260825_164123.jpg,0,0.01,0,0,1,1
825,dataset_227_annotated_coco1.0_227_หน้าตลาดคลองถม-ถนนเจริญกรุง_รถมาจากแยกเอส-เอ-บี-มุ่งหน้า_20260825_171123.jpg,0,0.01,0,0,1,1
826,dataset_227_annotated_coco1.0_227_หน้าตลาดคลองถม-ถนนเจริญกรุง_รถมาจากแยกเอส-เอ-บี-มุ่งหน้า_20260825_174123.jpg,0,0.01,0,0,1,1
827,dataset_227_annotated_coco1.0_227_หน้าตลาดคลองถม-ถนนเจริญกรุง_รถมาจากแยกเอส-เอ-บี-มุ่งหน้า_20260825_181122.jpg,0,0.01,0,0,1,1
828,dataset_227_annotated_coco1.0_227_หน้าตลาดคลองถม-ถนนเจริญกรุง_รถมาจากแยกเอส-เอ-บี-มุ่งหน้า_20260825_184125.jpg,0,0.01,0,0,1,1
829,dataset_227_annotated_coco1.0_227_หน้าตลาดคลองถม-ถนนเจริญกรุง_รถมาจากแยกเอส-เอ-บี-มุ่งหน้า_20260825_191124.jpg,0,0.01,0,0,1,1
830,dataset_227_annotated_coco1.0_227_หน้าตลาดคลองถม-ถนนเจริญกรุง_รถมาจากแยกเอส-เอ-บี-มุ่งหน้า_20260825_194124.jpg,0,0.01,0,0,1,1
831,dataset_227_annotated_coco1.0_227_หน้าตลาดคลองถม-ถนนเจริญกรุง_รถมาจากแยกเอส-เอ-บี-มุ่งหน้า_20260825_201124.jpg,0,0.01,0,0,1,1
832,dataset_227_annotated_coco1.0_227_หน้าตลาดคลองถม-ถนนเจริญกรุง_รถมาจากแยกเอส-เอ-บี-มุ่งหน้า_20260825_204124.jpg,0,0.01,0,0,1,1
833,dataset_227_annotated_coco1.0_227_หน้าตลาดคลองถม-ถนนเจริญกรุง_รถมาจากแยกเอส-เอ-บี-มุ่งหน้า_20260826_060622.jpg,0,0.01,0,0,1,1
834,dataset_227_annotated_coco1.0_227_หน้าตลาดคลองถม-ถนนเจริญกรุง_รถมาจากแยกเอส-เอ-บี-มุ่งหน้า_20260826_064124.jpg,0,0.01,0,0,1,1
835,dataset_227_annotated_coco1.0_227_หน้าตลาดคลองถม-ถนนเจริญกรุง_รถมาจากแยกเอส-เอ-บี-มุ่งหน้า_20260826_081619.jpg,0,0.01,0,0,1,1
836,dataset_227_annotated_coco1.0_227_หน้าตลาดคลองถม-ถนนเจริญกรุง_รถมาจากแยกเอส-เอ-บี-มุ่งหน้า_20260826_084619.jpg,0,0.01,0,0,1,1
837,dataset_227_annotated_coco1.0_227_หน้าตลาดคลองถม-ถนนเจริญกรุง_รถมาจากแยกเอส-เอ-บี-มุ่งหน้า_20260826_091623.jpg,0,0.01,0,0,1,1
838,dataset_227_annotated_coco1.0_227_หน้าตลาดคลองถม-ถนนเจริญกรุง_รถมาจากแยกเอส-เอ-บี-มุ่งหน้า_20260826_094624.jpg,0,0.01,0,0,1,1
839,dataset_227_annotated_coco1.0_227_หน้าตลาดคลองถม-ถนนเจริญกรุง_รถมาจากแยกเอส-เอ-บี-มุ่งหน้า_20260826_101625.jpg,0,0.01,0,0,1,1
840,dataset_227_annotated_coco1.0_227_หน้าตลาดคลองถม-ถนนเจริญกรุง_รถมาจากแยกเอส-เอ-บี-มุ่งหน้า_20260826_104626.jpg,0,0.01,0,0,1,1
841,dataset_227_annotated_coco1.0_227_หน้าตลาดคลองถม-ถนนเจริญกรุง_รถมาจากแยกเอส-เอ-บี-มุ่งหน้า_20260826_111621.jpg,0,0.01,0,0,1,1
842,dataset_227_annotated_coco1.0_227_หน้าตลาดคลองถม-ถนนเจริญกรุง_รถมาจากแยกเอส-เอ-บี-มุ่งหน้า_20260826_114619.jpg,0,0.01,0,0,1,1
843,dataset_227_annotated_coco1.0_227_หน้าตลาดคลองถม-ถนนเจริญกรุง_รถมาจากแยกเอส-เอ-บี-มุ่งหน้า_20260826_121619.jpg,0,0.01,0,0,1,1
844,dataset_227_annotated_coco1.0_227_หน้าตลาดคลองถม-ถนนเจริญกรุง_รถมาจากแยกเอส-เอ-บี-มุ่งหน้า_20260826_124619.jpg,0,0.01,0,0,1,1
845,dataset_227_annotated_coco1.0_227_หน้าตลาดคลองถม-ถนนเจริญกรุง_รถมาจากแยกเอส-เอ-บี-มุ่งหน้า_20260826_131620.jpg,0,0.01,0,0,1,1
846,dataset_227_annotated_coco1.0_227_หน้าตลาดคลองถม-ถนนเจริญกรุง_รถมาจากแยกเอส-เอ-บี-มุ่งหน้า_20260826_134620.jpg,0,0.01,0,0,1,1
847,dataset_227_annotated_coco1.0_227_หน้าตลาดคลองถม-ถนนเจริญกรุง_รถมาจากแยกเอส-เอ-บี-มุ่งหน้า_20260826_141621.jpg,0,0.01,0,0,1,1
848,dataset_227_annotated_coco1.0_227_หน้าตลาดคลองถม-ถนนเจริญกรุง_รถมาจากแยกเอส-เอ-บี-มุ่งหน้า_20260826_144621.jpg,0,0.01,0,0,1,1
849,dataset_227_annotated_coco1.0_227_หน้าตลาดคลองถม-ถนนเจริญกรุง_รถมาจากแยกเอส-เอ-บี-มุ่งหน้า_20260826_151622.jpg,0,0.01,0,0,1,1
850,dataset_227_annotated_coco1.0_227_หน้าตลาดคลองถม-ถนนเจริญกรุง_รถมาจากแยกเอส-เอ-บี-มุ่งหน้า_20260826_154621.jpg,0,0.01,0,0,1,1
851,dataset_227_annotated_coco1.0_227_หน้าตลาดคลองถม-ถนนเจริญกรุง_รถมาจากแยกเอส-เอ-บี-มุ่งหน้า_20260826_162121.jpg,0,0.01,0,0,1,1
852,dataset_227_annotated_coco1.0_227_หน้าตลาดคลองถม-ถนนเจริญกรุง_รถมาจากแยกเอส-เอ-บี-มุ่งหน้า_20260826_165122.jpg,0,0.01,0,0,1,1
853,dataset_227_annotated_coco1.0_227_หน้าตลาดคลองถม-ถนนเจริญกรุง_รถมาจากแยกเอส-เอ-บี-มุ่งหน้า_20260826_172121.jpg,0,0.01,0,0,1,1
854,dataset_227_annotated_coco1.0_227_หน้าตลาดคลองถม-ถนนเจริญกรุง_รถมาจากแยกเอส-เอ-บี-มุ่งหน้า_20260826_175121.jpg,0,0.01,0,0,1,1
855,dataset_227_annotated_coco1.0_227_หน้าตลาดคลองถม-ถนนเจริญกรุง_รถมาจากแยกเอส-เอ-บี-มุ่งหน้า_20260826_182121.jpg,0,0.01,0,0,1,1
856,dataset_227_annotated_coco1.0_227_หน้าตลาดคลองถม-ถนนเจริญกรุง_รถมาจากแยกเอส-เอ-บี-มุ่งหน้า_20260826_185121.jpg,0,0.01,0,0,1,1
857,dataset_227_annotated_coco1.0_227_หน้าตลาดคลองถม-ถนนเจริญกรุง_รถมาจากแยกเอส-เอ-บี-มุ่งหน้า_20260826_192121.jpg,0,0.01,0,0,1,1
858,dataset_227_annotated_coco1.0_227_หน้าตลาดคลองถม-ถนนเจริญกรุง_รถมาจากแยกเอส-เอ-บี-มุ่งหน้า_20260826_195122.jpg,0,0.01,0,0,1,1
859,dataset_227_annotated_coco1.0_227_หน้าตลาดคลองถม-ถนนเจริญกรุง_รถมาจากแยกเอส-เอ-บี-มุ่งหน้า_20260826_202121.jpg,0,0.01,0,0,1,1
860,dataset_227_annotated_coco1.0_227_หน้าตลาดคลองถม-ถนนเจริญกรุง_รถมาจากแยกเอส-เอ-บี-มุ่งหน้า_20260826_205120.jpg,0,0.01,0,0,1,1
861,dataset_227_annotated_coco1.0_227_หน้าตลาดคลองถม-ถนนเจริญกรุง_รถมาจากแยกเอส-เอ-บี-มุ่งหน้า_20260827_091626.jpg,0,0.01,0,0,1,1
862,dataset_227_annotated_coco1.0_227_หน้าตลาดคลองถม-ถนนเจริญกรุง_รถมาจากแยกเอส-เอ-บี-มุ่งหน้า_20260827_094623.jpg,0,0.01,0,0,1,1
863,dataset_227_annotated_coco1.0_227_หน้าตลาดคลองถม-ถนนเจริญกรุง_รถมาจากแยกเอส-เอ-บี-มุ่งหน้า_20260827_101623.jpg,0,0.01,0,0,1,1
864,dataset_227_annotated_coco1.0_227_หน้าตลาดคลองถม-ถนนเจริญกรุง_รถมาจากแยกเอส-เอ-บี-มุ่งหน้า_20260827_104623.jpg,0,0.01,0,0,1,1
865,dataset_227_annotated_coco1.0_227_หน้าตลาดคลองถม-ถนนเจริญกรุง_รถมาจากแยกเอส-เอ-บี-มุ่งหน้า_20260827_111622.jpg,0,0.01,0,0,1,1
866,dataset_227_annotated_coco1.0_227_หน้าตลาดคลองถม-ถนนเจริญกรุง_รถมาจากแยกเอส-เอ-บี-มุ่งหน้า_20260827_114622.jpg,0,0.01,0,0,1,1
867,dataset_227_annotated_coco1.0_227_หน้าตลาดคลองถม-ถนนเจริญกรุง_รถมาจากแยกเอส-เอ-บี-มุ่งหน้า_20260827_121622.jpg,0,0.01,0,0,1,1
868,dataset_227_annotated_coco1.0_227_หน้าตลาดคลองถม-ถนนเจริญกรุง_รถมาจากแยกเอส-เอ-บี-มุ่งหน้า_20260827_124824.jpg,0,0.01,0,0,1,1
869,dataset_227_annotated_coco1.0_227_หน้าตลาดคลองถม-ถนนเจริญกรุง_รถมาจากแยกเอส-เอ-บี-มุ่งหน้า_20260827_134620.jpg,0,0.01,0,0,1,1
870,dataset_227_annotated_coco1.0_227_หน้าตลาดคลองถม-ถนนเจริญกรุง_รถมาจากแยกเอส-เอ-บี-มุ่งหน้า_20260827_141620.jpg,0,0.01,0,0,1,1
871,dataset_227_annotated_coco1.0_227_หน้าตลาดคลองถม-ถนนเจริญกรุง_รถมาจากแยกเอส-เอ-บี-มุ่งหน้า_20260827_144620.jpg,0,0.01,0,0,1,1
872,dataset_227_annotated_coco1.0_227_หน้าตลาดคลองถม-ถนนเจริญกรุง_รถมาจากแยกเอส-เอ-บี-มุ่งหน้า_20260827_151620.jpg,0,0.01,0,0,1,1
873,dataset_227_annotated_coco1.0_227_หน้าตลาดคลองถม-ถนนเจริญกรุง_รถมาจากแยกเอส-เอ-บี-มุ่งหน้า_20260827_154620.jpg,0,0.01,0,0,1,1
874,dataset_227_annotated_coco1.0_227_หน้าตลาดคลองถม-ถนนเจริญกรุง_รถมาจากแยกเอส-เอ-บี-มุ่งหน้า_20260827_161620.jpg,0,0.01,0,0,1,1
875,dataset_227_annotated_coco1.0_227_หน้าตลาดคลองถม-ถนนเจริญกรุง_รถมาจากแยกเอส-เอ-บี-มุ่งหน้า_20260827_164620.jpg,0,0.01,0,0,1,1
876,dataset_227_annotated_coco1.0_227_หน้าตลาดคลองถม-ถนนเจริญกรุง_รถมาจากแยกเอส-เอ-บี-มุ่งหน้า_20260827_171621.jpg,0,0.01,0,0,1,1
877,dataset_227_annotated_coco1.0_227_หน้าตลาดคลองถม-ถนนเจริญกรุง_รถมาจากแยกเอส-เอ-บี-มุ่งหน้า_20260827_174621.jpg,0,0.01,0,0,1,1
878,dataset_227_annotated_coco1.0_227_หน้าตลาดคลองถม-ถนนเจริญกรุง_รถมาจากแยกเอส-เอ-บี-มุ่งหน้า_20260827_181620.jpg,0,0.01,0,0,1,1
879,dataset_227_annotated_coco1.0_227_หน้าตลาดคลองถม-ถนนเจริญกรุง_รถมาจากแยกเอส-เอ-บี-มุ่งหน้า_20260827_184621.jpg,0,0.01,0,0,1,1
880,dataset_227_annotated_coco1.0_227_หน้าตลาดคลองถม-ถนนเจริญกรุง_รถมาจากแยกเอส-เอ-บี-มุ่งหน้า_20260827_191621.jpg,0,0.01,0,0,1,1
881,dataset_227_annotated_coco1.0_227_หน้าตลาดคลองถม-ถนนเจริญกรุง_รถมาจากแยกเอส-เอ-บี-มุ่งหน้า_20260827_194620.jpg,0,0.01,0,0,1,1
882,dataset_227_annotated_coco1.0_227_หน้าตลาดคลองถม-ถนนเจริญกรุง_รถมาจากแยกเอส-เอ-บี-มุ่งหน้า_20260827_201620.jpg,0,0.01,0,0,1,1
883,dataset_227_annotated_coco1.0_227_หน้าตลาดคลองถม-ถนนเจริญกรุง_รถมาจากแยกเอส-เอ-บี-มุ่งหน้า_20260827_204759.jpg,0,0.01,0,0,1,1
884,dataset_227_annotated_coco1.0_227_หน้าตลาดคลองถม-ถนนเจริญกรุง_รถมาจากแยกเอส-เอ-บี-มุ่งหน้า_20260828_064621.jpg,0,0.01,0,0,1,1
885,dataset_227_annotated_coco1.0_227_หน้าตลาดคลองถม-ถนนเจริญกรุง_รถมาจากแยกเอส-เอ-บี-มุ่งหน้า_20260828_071621.jpg,0,0.01,0,0,1,1
886,dataset_227_annotated_coco1.0_227_หน้าตลาดคลองถม-ถนนเจริญกรุง_รถมาจากแยกเอส-เอ-บี-มุ่งหน้า_20260828_074621.jpg,0,0.01,0,0,1,1
887,dataset_227_annotated_coco1.0_227_หน้าตลาดคลองถม-ถนนเจริญกรุง_รถมาจากแยกเอส-เอ-บี-มุ่งหน้า_20260828_081623.jpg,0,0.01,0,0,1,1
888,dataset_227_annotated_coco1.0_227_หน้าตลาดคลองถม-ถนนเจริญกรุง_รถมาจากแยกเอส-เอ-บี-มุ่งหน้า_20260828_084644.jpg,0,0.01,0,0,1,1
889,dataset_227_annotated_coco1.0_227_หน้าตลาดคลองถม-ถนนเจริญกรุง_รถมาจากแยกเอส-เอ-บี-มุ่งหน้า_20260828_091631.jpg,0,0.01,0,0,1,1
890,dataset_227_annotated_coco1.0_227_หน้าตลาดคลองถม-ถนนเจริญกรุง_รถมาจากแยกเอส-เอ-บี-มุ่งหน้า_20260828_094634.jpg,0,0.01,0,0,1,1
891,dataset_227_annotated_coco1.0_227_หน้าตลาดคลองถม-ถนนเจริญกรุง_รถมาจากแยกเอส-เอ-บี-มุ่งหน้า_20260828_101624.jpg,0,0.01,0,0,1,1
892,dataset_227_annotated_coco1.0_227_หน้าตลาดคลองถม-ถนนเจริญกรุง_รถมาจากแยกเอส-เอ-บี-มุ่งหน้า_20260828_104637.jpg,0,0.01,0,0,1,1
893,dataset_227_annotated_coco1.0_227_หน้าตลาดคลองถม-ถนนเจริญกรุง_รถมาจากแยกเอส-เอ-บี-มุ่งหน้า_20260828_111634.jpg,0,0.01,0,0,1,1
894,dataset_227_annotated_coco1.0_227_หน้าตลาดคลองถม-ถนนเจริญกรุง_รถมาจากแยกเอส-เอ-บี-มุ่งหน้า_20260828_114625.jpg,0,0.01,0,0,1,1
895,dataset_227_annotated_coco1.0_227_หน้าตลาดคลองถม-ถนนเจริญกรุง_รถมาจากแยกเอส-เอ-บี-มุ่งหน้า_20260828_124625.jpg,0,0.01,0,0,1,1
896,dataset_227_annotated_coco1.0_227_หน้าตลาดคลองถม-ถนนเจริญกรุง_รถมาจากแยกเอส-เอ-บี-มุ่งหน้า_20260828_131648.jpg,0,0.01,0,0,1,1
897,dataset_227_annotated_coco1.0_227_หน้าตลาดคลองถม-ถนนเจริญกรุง_รถมาจากแยกเอส-เอ-บี-มุ่งหน้า_20260828_134620.jpg,0,0.01,0,0,1,1
898,dataset_227_annotated_coco1.0_227_หน้าตลาดคลองถม-ถนนเจริญกรุง_รถมาจากแยกเอส-เอ-บี-มุ่งหน้า_20260828_141621.jpg,0,0.01,0,0,1,1
899,dataset_227_annotated_coco1.0_227_หน้าตลาดคลองถม-ถนนเจริญกรุง_รถมาจากแยกเอส-เอ-บี-มุ่งหน้า_20260828_144620.jpg,0,0.01,0,0,1,1
900,dataset_227_annotated_coco1.0_227_หน้าตลาดคลองถม-ถนนเจริญกรุง_รถมาจากแยกเอส-เอ-บี-มุ่งหน้า_20260828_151620.jpg,0,0.01,0,0,1,1
901,dataset_227_annotated_coco1.0_227_หน้าตลาดคลองถม-ถนนเจริญกรุง_รถมาจากแยกเอส-เอ-บี-มุ่งหน้า_20260828_154620.jpg,0,0.01,0,0,1,1
902,dataset_227_annotated_coco1.0_227_หน้าตลาดคลองถม-ถนนเจริญกรุง_รถมาจากแยกเอส-เอ-บี-มุ่งหน้า_20260828_161620.jpg,0,0.01,0,0,1,1
903,dataset_227_annotated_coco1.0_227_หน้าตลาดคลองถม-ถนนเจริญกรุง_รถมาจากแยกเอส-เอ-บี-มุ่งหน้า_20260828_164620.jpg,0,0.01,0,0,1,1
904,dataset_227_annotated_coco1.0_227_หน้าตลาดคลองถม-ถนนเจริญกรุง_รถมาจากแยกเอส-เอ-บี-มุ่งหน้า_20260828_171620.jpg,0,0.01,0,0,1,1
905,dataset_227_annotated_coco1.0_227_หน้าตลาดคลองถม-ถนนเจริญกรุง_รถมาจากแยกเอส-เอ-บี-มุ่งหน้า_20260828_174620.jpg,0,0.01,0,0,1,1
906,dataset_227_annotated_coco1.0_227_หน้าตลาดคลองถม-ถนนเจริญกรุง_รถมาจากแยกเอส-เอ-บี-มุ่งหน้า_20260828_181621.jpg,0,0.01,0,0,1,1
907,dataset_227_annotated_coco1.0_227_หน้าตลาดคลองถม-ถนนเจริญกรุง_รถมาจากแยกเอส-เอ-บี-มุ่งหน้า_20260828_184620.jpg,0,0.01,0,0,1,1
908,dataset_227_annotated_coco1.0_227_หน้าตลาดคลองถม-ถนนเจริญกรุง_รถมาจากแยกเอส-เอ-บี-มุ่งหน้า_20260828_191620.jpg,0,0.01,0,0,1,1
909,dataset_227_annotated_coco1.0_227_หน้าตลาดคลองถม-ถนนเจริญกรุง_รถมาจากแยกเอส-เอ-บี-มุ่งหน้า_20260828_194620.jpg,0,0.01,0,0,1,1
910,dataset_227_annotated_coco1.0_227_หน้าตลาดคลองถม-ถนนเจริญกรุง_รถมาจากแยกเอส-เอ-บี-มุ่งหน้า_20260828_201620.jpg,0,0.01,0,0,1,1
911,dataset_227_annotated_coco1.0_227_หน้าตลาดคลองถม-ถนนเจริญกรุง_รถมาจากแยกเอส-เอ-บี-มุ่งหน้า_20260828_204620.jpg,0,0.01,0,0,1,1
912,dataset_227_annotated_coco1.0_227_หน้าตลาดคลองถม-ถนนเจริญกรุง_รถมาจากแยกเอส-เอ-บี-มุ่งหน้า_20260829_061123.jpg,0,0.01,0,0,1,1
913,dataset_227_annotated_coco1.0_227_หน้าตลาดคลองถม-ถนนเจริญกรุง_รถมาจากแยกเอส-เอ-บี-มุ่งหน้า_20260829_064119.jpg,0,0.01,0,0,1,1
914,dataset_227_annotated_coco1.0_227_หน้าตลาดคลองถม-ถนนเจริญกรุง_รถมาจากแยกเอส-เอ-บี-มุ่งหน้า_20260829_071119.jpg,0,0.01,0,0,1,1
915,dataset_227_annotated_coco1.0_227_หน้าตลาดคลองถม-ถนนเจริญกรุง_รถมาจากแยกเอส-เอ-บี-มุ่งหน้า_20260829_074119.jpg,0,0.01,0,0,1,1
916,dataset_227_annotated_coco1.0_227_หน้าตลาดคลองถม-ถนนเจริญกรุง_รถมาจากแยกเอส-เอ-บี-มุ่งหน้า_20260829_081119.jpg,0,0.01,0,0,1,1
917,dataset_227_annotated_coco1.0_227_หน้าตลาดคลองถม-ถนนเจริญกรุง_รถมาจากแยกเอส-เอ-บี-มุ่งหน้า_20260829_084119.jpg,0,0.01,0,0,1,1
918,dataset_227_annotated_coco1.0_227_หน้าตลาดคลองถม-ถนนเจริญกรุง_รถมาจากแยกเอส-เอ-บี-มุ่งหน้า_20260829_091119.jpg,0,0.01,0,0,1,1
919,dataset_227_annotated_coco1.0_227_หน้าตลาดคลองถม-ถนนเจริญกรุง_รถมาจากแยกเอส-เอ-บี-มุ่งหน้า_20260829_094120.jpg,0,0.01,0,0,1,1
920,dataset_227_annotated_coco1.0_227_หน้าตลาดคลองถม-ถนนเจริญกรุง_รถมาจากแยกเอส-เอ-บี-มุ่งหน้า_20260829_101119.jpg,0,0.01,0,0,1,1
921,dataset_227_annotated_coco1.0_227_หน้าตลาดคลองถม-ถนนเจริญกรุง_รถมาจากแยกเอส-เอ-บี-มุ่งหน้า_20260829_104119.jpg,0,0.01,0,0,1,1
922,dataset_227_annotated_coco1.0_227_หน้าตลาดคลองถม-ถนนเจริญกรุง_รถมาจากแยกเอส-เอ-บี-มุ่งหน้า_20260829_111119.jpg,0,0.01,0,0,1,1
923,dataset_227_annotated_coco1.0_227_หน้าตลาดคลองถม-ถนนเจริญกรุง_รถมาจากแยกเอส-เอ-บี-มุ่งหน้า_20260829_114119.jpg,0,0.01,0,0,1,1
924,dataset_227_annotated_coco1.0_227_หน้าตลาดคลองถม-ถนนเจริญกรุง_รถมาจากแยกเอส-เอ-บี-มุ่งหน้า_20260829_121119.jpg,0,0.01,0,0,1,1
925,dataset_227_annotated_coco1.0_227_หน้าตลาดคลองถม-ถนนเจริญกรุง_รถมาจากแยกเอส-เอ-บี-มุ่งหน้า_20260829_124120.jpg,0,0.01,0,0,1,1
926,dataset_227_annotated_coco1.0_227_หน้าตลาดคลองถม-ถนนเจริญกรุง_รถมาจากแยกเอส-เอ-บี-มุ่งหน้า_20260829_131119.jpg,0,0.01,0,0,1,1
927,dataset_227_annotated_coco1.0_227_หน้าตลาดคลองถม-ถนนเจริญกรุง_รถมาจากแยกเอส-เอ-บี-มุ่งหน้า_20260829_134120.jpg,0,0.01,0,0,1,1
928,dataset_227_annotated_coco1.0_227_หน้าตลาดคลองถม-ถนนเจริญกรุง_รถมาจากแยกเอส-เอ-บี-มุ่งหน้า_20260829_141122.jpg,0,0.01,0,0,1,1
929,dataset_227_annotated_coco1.0_227_หน้าตลาดคลองถม-ถนนเจริญกรุง_รถมาจากแยกเอส-เอ-บี-มุ่งหน้า_20260829_144122.jpg,0,0.01,0,0,1,1
930,dataset_227_annotated_coco1.0_227_หน้าตลาดคลองถม-ถนนเจริญกรุง_รถมาจากแยกเอส-เอ-บี-มุ่งหน้า_20260829_151120.jpg,0,0.01,0,0,1,1
931,dataset_227_annotated_coco1.0_227_หน้าตลาดคลองถม-ถนนเจริญกรุง_รถมาจากแยกเอส-เอ-บี-มุ่งหน้า_20260829_161121.jpg,0,0.01,0,0,1,1
932,dataset_227_annotated_coco1.0_227_หน้าตลาดคลองถม-ถนนเจริญกรุง_รถมาจากแยกเอส-เอ-บี-มุ่งหน้า_20260829_164122.jpg,0,0.01,0,0,1,1
933,dataset_227_annotated_coco1.0_227_หน้าตลาดคลองถม-ถนนเจริญกรุง_รถมาจากแยกเอส-เอ-บี-มุ่งหน้า_20260829_171121.jpg,0,0.01,0,0,1,1
934,dataset_227_annotated_coco1.0_227_หน้าตลาดคลองถม-ถนนเจริญกรุง_รถมาจากแยกเอส-เอ-บี-มุ่งหน้า_20260829_174121.jpg,0,0.01,0,0,1,1
935,dataset_227_annotated_coco1.0_227_หน้าตลาดคลองถม-ถนนเจริญกรุง_รถมาจากแยกเอส-เอ-บี-มุ่งหน้า_20260829_181120.jpg,0,0.01,0,0,1,1
936,dataset_227_annotated_coco1.0_227_หน้าตลาดคลองถม-ถนนเจริญกรุง_รถมาจากแยกเอส-เอ-บี-มุ่งหน้า_20260829_184120.jpg,0,0.01,0,0,1,1
937,dataset_227_annotated_coco1.0_227_หน้าตลาดคลองถม-ถนนเจริญกรุง_รถมาจากแยกเอส-เอ-บี-มุ่งหน้า_20260829_191120.jpg,0,0.01,0,0,1,1
938,dataset_227_annotated_coco1.0_227_หน้าตลาดคลองถม-ถนนเจริญกรุง_รถมาจากแยกเอส-เอ-บี-มุ่งหน้า_20260829_194122.jpg,0,0.01,0,0,1,1
939,dataset_227_annotated_coco1.0_227_หน้าตลาดคลองถม-ถนนเจริญกรุง_รถมาจากแยกเอส-เอ-บี-มุ่งหน้า_20260829_201123.jpg,0,0.01,0,0,1,1
940,dataset_227_annotated_coco1.0_227_หน้าตลาดคลองถม-ถนนเจริญกรุง_รถมาจากแยกเอส-เอ-บี-มุ่งหน้า_20260829_204122.jpg,0,0.01,0,0,1,1
941,dataset_227_annotated_coco1.0_227_หน้าตลาดคลองถม-ถนนเจริญกรุง_รถมาจากแยกเอส-เอ-บี-มุ่งหน้า_20260830_060619.jpg,0,0.01,0,0,1,1
942,dataset_227_annotated_coco1.0_227_หน้าตลาดคลองถม-ถนนเจริญกรุง_รถมาจากแยกเอส-เอ-บี-มุ่งหน้า_20260830_063619.jpg,0,0.01,0,0,1,1
943,dataset_227_annotated_coco1.0_227_หน้าตลาดคลองถม-ถนนเจริญกรุง_รถมาจากแยกเอส-เอ-บี-มุ่งหน้า_20260830_073620.jpg,0,0.01,0,0,1,1
944,dataset_227_annotated_coco1.0_227_หน้าตลาดคลองถม-ถนนเจริญกรุง_รถมาจากแยกเอส-เอ-บี-มุ่งหน้า_20260830_080621.jpg,0,0.01,0,0,1,1
945,dataset_227_annotated_coco1.0_227_หน้าตลาดคลองถม-ถนนเจริญกรุง_รถมาจากแยกเอส-เอ-บี-มุ่งหน้า_20260830_083619.jpg,0,0.01,0,0,1,1
946,dataset_227_annotated_coco1.0_227_หน้าตลาดคลองถม-ถนนเจริญกรุง_รถมาจากแยกเอส-เอ-บี-มุ่งหน้า_20260830_090621.jpg,0,0.01,0,0,1,1
947,dataset_227_annotated_coco1.0_227_หน้าตลาดคลองถม-ถนนเจริญกรุง_รถมาจากแยกเอส-เอ-บี-มุ่งหน้า_20260830_093622.jpg,0,0.01,0,0,1,1
948,dataset_227_annotated_coco1.0_227_หน้าตลาดคลองถม-ถนนเจริญกรุง_รถมาจากแยกเอส-เอ-บี-มุ่งหน้า_20260830_100622.jpg,0,0.01,0,0,1,1
949,dataset_227_annotated_coco1.0_227_หน้าตลาดคลองถม-ถนนเจริญกรุง_รถมาจากแยกเอส-เอ-บี-มุ่งหน้า_20260830_103622.jpg,0,0.01,0,0,1,1
950,dataset_227_annotated_coco1.0_227_หน้าตลาดคลองถม-ถนนเจริญกรุง_รถมาจากแยกเอส-เอ-บี-มุ่งหน้า_20260830_110622.jpg,0,0.01,0,0,1,1
951,dataset_227_annotated_coco1.0_227_หน้าตลาดคลองถม-ถนนเจริญกรุง_รถมาจากแยกเอส-เอ-บี-มุ่งหน้า_20260830_113623.jpg,0,0.01,0,0,1,1
952,dataset_227_annotated_coco1.0_227_หน้าตลาดคลองถม-ถนนเจริญกรุง_รถมาจากแยกเอส-เอ-บี-มุ่งหน้า_20260830_120622.jpg,0,0.01,0,0,1,1
953,dataset_227_annotated_coco1.0_227_หน้าตลาดคลองถม-ถนนเจริญกรุง_รถมาจากแยกเอส-เอ-บี-มุ่งหน้า_20260830_123658.jpg,0,0.01,0,0,1,1
954,dataset_227_annotated_coco1.0_227_หน้าตลาดคลองถม-ถนนเจริญกรุง_รถมาจากแยกเอส-เอ-บี-มุ่งหน้า_20260830_130622.jpg,0,0.01,0,0,1,1
955,dataset_227_annotated_coco1.0_227_หน้าตลาดคลองถม-ถนนเจริญกรุง_รถมาจากแยกเอส-เอ-บี-มุ่งหน้า_20260830_133623.jpg,0,0.01,0,0,1,1
956,dataset_227_annotated_coco1.0_227_หน้าตลาดคลองถม-ถนนเจริญกรุง_รถมาจากแยกเอส-เอ-บี-มุ่งหน้า_20260830_140623.jpg,0,0.01,0,0,1,1
957,dataset_227_annotated_coco1.0_227_หน้าตลาดคลองถม-ถนนเจริญกรุง_รถมาจากแยกเอส-เอ-บี-มุ่งหน้า_20260830_143620.jpg,0,0.01,0,0,1,1
958,dataset_227_annotated_coco1.0_227_หน้าตลาดคลองถม-ถนนเจริญกรุง_รถมาจากแยกเอส-เอ-บี-มุ่งหน้า_20260830_150620.jpg,0,0.01,0,0,1,1
959,dataset_227_annotated_coco1.0_227_หน้าตลาดคลองถม-ถนนเจริญกรุง_รถมาจากแยกเอส-เอ-บี-มุ่งหน้า_20260830_153630.jpg,0,0.01,0,0,1,1
960,dataset_227_annotated_coco1.0_227_หน้าตลาดคลองถม-ถนนเจริญกรุง_รถมาจากแยกเอส-เอ-บี-มุ่งหน้า_20260830_160631.jpg,0,0.01,0,0,1,1
961,dataset_227_annotated_coco1.0_227_หน้าตลาดคลองถม-ถนนเจริญกรุง_รถมาจากแยกเอส-เอ-บี-มุ่งหน้า_20260830_163642.jpg,0,0.01,0,0,1,1
962,dataset_227_annotated_coco1.0_227_หน้าตลาดคลองถม-ถนนเจริญกรุง_รถมาจากแยกเอส-เอ-บี-มุ่งหน้า_20260830_170620.jpg,0,0.01,0,0,1,1
963,dataset_227_annotated_coco1.0_227_หน้าตลาดคลองถม-ถนนเจริญกรุง_รถมาจากแยกเอส-เอ-บี-มุ่งหน้า_20260830_173620.jpg,0,0.01,0,0,1,1
964,dataset_227_annotated_coco1.0_227_หน้าตลาดคลองถม-ถนนเจริญกรุง_รถมาจากแยกเอส-เอ-บี-มุ่งหน้า_20260830_181120.jpg,0,0.01,0,0,1,1
965,dataset_227_annotated_coco1.0_227_หน้าตลาดคลองถม-ถนนเจริญกรุง_รถมาจากแยกเอส-เอ-บี-มุ่งหน้า_20260830_184121.jpg,0,0.01,0,0,1,1
966,dataset_227_annotated_coco1.0_227_หน้าตลาดคลองถม-ถนนเจริญกรุง_รถมาจากแยกเอส-เอ-บี-มุ่งหน้า_20260830_191123.jpg,0,0.01,0,0,1,1
967,dataset_227_annotated_coco1.0_227_หน้าตลาดคลองถม-ถนนเจริญกรุง_รถมาจากแยกเอส-เอ-บี-มุ่งหน้า_20260830_194120.jpg,0,0.01,0,0,1,1
968,dataset_227_annotated_coco1.0_227_หน้าตลาดคลองถม-ถนนเจริญกรุง_รถมาจากแยกเอส-เอ-บี-มุ่งหน้า_20260830_201132.jpg,0,0.01,0,0,1,1
969,dataset_227_annotated_coco1.0_227_หน้าตลาดคลองถม-ถนนเจริญกรุง_รถมาจากแยกเอส-เอ-บี-มุ่งหน้า_20260831_063623.jpg,0,0.01,0,0,1,1
970,dataset_227_annotated_coco1.0_227_หน้าตลาดคลองถม-ถนนเจริญกรุง_รถมาจากแยกเอส-เอ-บี-มุ่งหน้า_20260831_070619.jpg,0,0.01,0,0,1,1
971,dataset_227_annotated_coco1.0_227_หน้าตลาดคลองถม-ถนนเจริญกรุง_รถมาจากแยกเอส-เอ-บี-มุ่งหน้า_20260831_073619.jpg,0,0.01,0,0,1,1
972,dataset_227_annotated_coco1.0_227_หน้าตลาดคลองถม-ถนนเจริญกรุง_รถมาจากแยกเอส-เอ-บี-มุ่งหน้า_20260831_083619.jpg,0,0.01,0,0,1,1
973,dataset_227_annotated_coco1.0_227_หน้าตลาดคลองถม-ถนนเจริญกรุง_รถมาจากแยกเอส-เอ-บี-มุ่งหน้า_20260831_090619.jpg,0,0.01,0,0,1,1
974,dataset_227_annotated_coco1.0_227_หน้าตลาดคลองถม-ถนนเจริญกรุง_รถมาจากแยกเอส-เอ-บี-มุ่งหน้า_20260831_093619.jpg,0,0.01,0,0,1,1
975,dataset_227_annotated_coco1.0_227_หน้าตลาดคลองถม-ถนนเจริญกรุง_รถมาจากแยกเอส-เอ-บี-มุ่งหน้า_20260831_100619.jpg,0,0.01,0,0,1,1
976,dataset_227_annotated_coco1.0_227_หน้าตลาดคลองถม-ถนนเจริญกรุง_รถมาจากแยกเอส-เอ-บี-มุ่งหน้า_20260831_103620.jpg,0,0.01,0,0,1,1
977,dataset_227_annotated_coco1.0_227_หน้าตลาดคลองถม-ถนนเจริญกรุง_รถมาจากแยกเอส-เอ-บี-มุ่งหน้า_20260831_110619.jpg,0,0.01,0,0,1,1
978,dataset_227_annotated_coco1.0_227_หน้าตลาดคลองถม-ถนนเจริญกรุง_รถมาจากแยกเอส-เอ-บี-มุ่งหน้า_20260831_113620.jpg,0,0.01,0,0,1,1
979,dataset_227_annotated_coco1.0_227_หน้าตลาดคลองถม-ถนนเจริญกรุง_รถมาจากแยกเอส-เอ-บี-มุ่งหน้า_20260831_120622.jpg,0,0.01,0,0,1,1
980,dataset_227_annotated_coco1.0_227_หน้าตลาดคลองถม-ถนนเจริญกรุง_รถมาจากแยกเอส-เอ-บี-มุ่งหน้า_20260831_123623.jpg,0,0.01,0,0,1,1
981,dataset_227_annotated_coco1.0_227_หน้าตลาดคลองถม-ถนนเจริญกรุง_รถมาจากแยกเอส-เอ-บี-มุ่งหน้า_20260831_130623.jpg,0,0.01,0,0,1,1
982,dataset_227_annotated_coco1.0_227_หน้าตลาดคลองถม-ถนนเจริญกรุง_รถมาจากแยกเอส-เอ-บี-มุ่งหน้า_20260831_133623.jpg,0,0.01,0,0,1,1
983,dataset_227_annotated_coco1.0_227_หน้าตลาดคลองถม-ถนนเจริญกรุง_รถมาจากแยกเอส-เอ-บี-มุ่งหน้า_20260831_140627.jpg,0,0.01,0,0,1,1
984,dataset_227_annotated_coco1.0_227_หน้าตลาดคลองถม-ถนนเจริญกรุง_รถมาจากแยกเอส-เอ-บี-มุ่งหน้า_20260831_143623.jpg,0,0.01,0,0,1,1
985,dataset_227_annotated_coco1.0_227_หน้าตลาดคลองถม-ถนนเจริญกรุง_รถมาจากแยกเอส-เอ-บี-มุ่งหน้า_20260831_150622.jpg,0,0.01,0,0,1,1
986,dataset_227_annotated_coco1.0_227_หน้าตลาดคลองถม-ถนนเจริญกรุง_รถมาจากแยกเอส-เอ-บี-มุ่งหน้า_20260831_153802.jpg,0,0.01,0,0,1,1
987,dataset_227_annotated_coco1.0_227_หน้าตลาดคลองถม-ถนนเจริญกรุง_รถมาจากแยกเอส-เอ-บี-มุ่งหน้า_20260831_160625.jpg,0,0.01,0,0,1,1
988,dataset_227_annotated_coco1.0_227_หน้าตลาดคลองถม-ถนนเจริญกรุง_รถมาจากแยกเอส-เอ-บี-มุ่งหน้า_20260831_164120.jpg,0,0.01,0,0,1,1
989,dataset_227_annotated_coco1.0_227_หน้าตลาดคลองถม-ถนนเจริญกรุง_รถมาจากแยกเอส-เอ-บี-มุ่งหน้า_20260831_171122.jpg,0,0.01,0,0,1,1
990,dataset_227_annotated_coco1.0_227_หน้าตลาดคลองถม-ถนนเจริญกรุง_รถมาจากแยกเอส-เอ-บี-มุ่งหน้า_20260831_174121.jpg,0,0.01,0,0,1,1
991,dataset_227_annotated_coco1.0_227_หน้าตลาดคลองถม-ถนนเจริญกรุง_รถมาจากแยกเอส-เอ-บี-มุ่งหน้า_20260831_181122.jpg,0,0.01,0,0,1,1
992,dataset_227_annotated_coco1.0_227_หน้าตลาดคลองถม-ถนนเจริญกรุง_รถมาจากแยกเอส-เอ-บี-มุ่งหน้า_20260831_184122.jpg,0,0.01,0,0,1,1
993,dataset_227_annotated_coco1.0_227_หน้าตลาดคลองถม-ถนนเจริญกรุง_รถมาจากแยกเอส-เอ-บี-มุ่งหน้า_20260831_191122.jpg,0,0.01,0,0,1,1
994,dataset_227_annotated_coco1.0_227_หน้าตลาดคลองถม-ถนนเจริญกรุง_รถมาจากแยกเอส-เอ-บี-มุ่งหน้า_20260831_194122.jpg,0,0.01,0,0,1,1
995,dataset_227_annotated_coco1.0_227_หน้าตลาดคลองถม-ถนนเจริญกรุง_รถมาจากแยกเอส-เอ-บี-มุ่งหน้า_20260831_201122.jpg,0,0.01,0,0,1,1
996,dataset_227_annotated_coco1.0_227_หน้าตลาดคลองถม-ถนนเจริญกรุง_รถมาจากแยกเอส-เอ-บี-มุ่งหน้า_20260831_204122.jpg,0,0.01,0,0,1,1
